ts,symbol,side,market,entry,tp,exit,pnl,pnl_net,reason,hold_sec,setup_type,args_text
2026-04-23 17:12:14,BTCUSDT,SHORT,FUT,78231.59484,77762.01744,77896.456124,0.08564434,0.06170533,BU,3059,pullback_short,pullback short ready | retest short ready | breakout continuation down | near resistance | EMA aligned short | RSI supports short | dead regime penalty | volume confirmed
2026-04-23 17:15:10,SOLUSDT,LONG,FUT,85.5131916,86.0260656,85.200906,-0.07306721,-0.09703297,SL,169,pullback_long,pullback long ready | retest long ready | breakout continuation up | EMA aligned long | RSI supports long | dead regime penalty | volume confirmed
2026-04-23 17:17:03,SPKUSDT,SHORT,FUT,0.05029987,0.04999795,0.05049019,-0.07564308,-0.09967887,SL,70,pullback_short,pullback short ready | retest short ready | breakout continuation down | EMA aligned short | RSI supports short | dead regime penalty | volume confirmed
2026-04-23 17:26:18,BTCUSDT,SHORT,FUT,77498.78808,77033.60928,77781.1,-0.07282669,-0.09686078,SL,529,pullback_short,pullback short ready | retest short ready | breakout continuation down | EMA aligned short | RSI supports short | dead regime penalty | volume confirmed
2026-04-23 17:32:38,CHIPUSDT,LONG,FUT,0.09248698,0.09305342,0.09203317,-0.09817372,-0.12212441,SL,321,pullback_long,4H strong_up | pullback long ready | EMA aligned long | RSI supports long | dead regime penalty | volume confirmed
2026-04-23 17:35:10,ETHUSDT,SHORT,FUT,2304.507828,2290.675248,2313.044848,-0.07406011,-0.09809495,SL,71,pullback_short,pullback short ready | retest short ready | breakout continuation down | EMA aligned short | RSI supports short | dead regime penalty | volume confirmed
2026-04-23 17:50:16,SPKUSDT,SHORT,FUT,0.0492203,0.04892486,0.04871948,0.20341998,0.17955164,TP2,158,pullback_short,4H strong_down | pullback short ready | EMA aligned short | RSI supports short | dead regime penalty | volume confirmed
2026-04-23 17:53:18,SOLUSDT,SHORT,FUT,84.6891108,84.1807728,85.0850204,-0.09345977,-0.11750624,SL,178,pullback_short,pullback short ready | retest short ready | breakout continuation down | EMA aligned short | RSI supports short | dead regime penalty | volume confirmed
2026-04-23 19:01:41,BTCUSDT,LONG,FUT,77831.109996,78297.909936,77550.86724,-0.07204185,-0.09600822,SL,3889,pullback_long,pullback long ready | retest long ready | breakout continuation up | EMA aligned long | RSI supports long | dead regime penalty | volume confirmed
2026-04-23 19:16:45,BTCUSDT,SHORT,FUT,77556.9648,77091.4368,77840.093588,-0.07298262,-0.09701681,SL,896,pullback_short,pullback short ready | retest short ready | breakout continuation down | EMA aligned short | RSI supports short | dead regime penalty | volume confirmed
2026-04-23 19:18:42,SPKUSDT,SHORT,FUT,0.04941023,0.04911365,0.04920968,0.08114667,0.05720496,BU,87,pullback_short,pullback short ready | retest short ready | EMA aligned short | RSI supports short | dead regime penalty | volume confirmed
2026-04-23 19:19:10,CHIPUSDT,LONG,FUT,0.09539814,0.0959703,0.09505196,-0.07260403,-0.09657006,SL,5,pullback_long,4H up | pullback long ready | retest long ready | EMA aligned long | RSI supports long | dead regime penalty
2026-04-23 20:21:15,SOLUSDT,SHORT,FUT,85.330854,84.818664,85.6552484,-0.07600173,-0.10003773,SL,3709,pullback_short,pullback short ready | retest short ready | breakout continuation down | EMA aligned short | RSI supports short | dead regime penalty | volume confirmed
2026-04-23 20:26:54,SPKUSDT,SHORT,FUT,0.04942022,0.04912358,0.04959983,-0.07265858,-0.09669257,SL,337,pullback_short,4H down | pullback short ready | retest short ready | breakout continuation down | EMA aligned short | RSI supports short | dead regime penalty | volume confirmed
2026-04-23 20:29:02,CHIPUSDT,SHORT,FUT,0.09768091,0.09709459,0.09808922,-0.08356734,-0.10760788,SL,78,pullback_short,pullback short ready | retest short ready | breakout continuation down | EMA aligned short | RSI supports short | dead regime penalty | volume confirmed
2026-04-23 22:25:46,ETHUSDT,LONG,FUT,2320.938004,2334.858064,2331.0672,0.08732028,0.06325829,BU,6805,pullback_long,pullback long ready | retest long ready | breakout continuation up | EMA aligned long | RSI supports long | dead regime penalty | volume confirmed
2026-04-24 01:38:03,ETHUSDT,SHORT,FUT,2331.976836,2317.979376,2325.799948,0.05295436,0.02899573,BU,11533,pullback_short,pullback short ready | retest short ready | breakout continuation down | EMA aligned short | RSI supports short | dead regime penalty | volume confirmed
2026-04-24 01:39:45,SPKUSDT,SHORT,FUT,0.0514694,0.05116046,0.05168066,-0.08206021,-0.10609984,SL,69,pullback_short,4H down | pullback short ready | retest short ready | breakout continuation down | EMA aligned short | RSI supports short | dead regime penalty | volume confirmed
2026-04-24 03:23:10,BTCUSDT,LONG,FUT,78146.406064,78615.097024,77860.64328,-0.07316449,-0.09713019,SL,6184,pullback_long,pullback long ready | retest long ready | breakout continuation up | EMA aligned long | RSI supports long | dead regime penalty | volume confirmed
2026-04-24 08:19:15,ETHUSDT,SHORT,FUT,2311.694952,2297.819232,2320.02764,-0.07206275,-0.09609639,SL,17763,pullback_short,pullback short ready | retest short ready | breakout continuation down | EMA aligned short | RSI supports short | dead regime penalty | volume confirmed
2026-04-24 08:21:27,SPKUSDT,LONG,FUT,0.0452581,0.04552954,0.04536185,0.04586561,0.02182849,BU,102,pullback_long,pullback long ready | retest long ready | breakout continuation up | EMA aligned long | RSI supports long | dead regime penalty | volume confirmed
2026-04-24 08:21:50,CHIPUSDT,LONG,FUT,0.09465785,0.09522557,0.09427228,-0.08149947,-0.10546017,SL,19,pullback_long,4H up | pullback long ready | retest long ready | breakout continuation up | EMA aligned long | RSI supports long | dead regime penalty | volume confirmed
2026-04-24 11:05:11,BTCUSDT,SHORT,FUT,77832.95436,77365.76976,78153.939076,-0.08244742,-0.10648729,SL,9588,pullback_short,pullback short ready | retest short ready | breakout continuation down | EMA aligned short | RSI supports short | dead regime penalty | volume confirmed
2026-04-24 11:10:07,SPKUSDT,LONG,FUT,0.04523809,0.04550941,0.04507196,-0.07347457,-0.09744008,SL,126,pullback_long,4H up | pullback long ready | retest long ready | breakout continuation up | EMA aligned long | RSI supports long | dead regime penalty | volume confirmed
2026-04-24 12:20:06,SOLUSDT,LONG,FUT,86.0604104,86.5765664,86.410422,0.08137345,0.05731502,BU,4103,pullback_long,pullback long ready | retest long ready | breakout continuation up | EMA aligned long | RSI supports long | dead regime penalty | volume confirmed
2026-04-24 14:04:40,SOLUSDT,SHORT,FUT,86.445408,85.926528,85.9263568,0.12003959,0.09612122,STALL,6274,pullback_short,pullback short ready | retest short ready | breakout continuation down | EMA aligned short | RSI supports short | dead regime penalty | volume confirmed
2026-04-24 14:25:46,SOLUSDT,LONG,FUT,85.9633716,86.4789456,85.6317336,-0.07718884,-0.10115213,SL,1232,pullback_long,pullback long ready | retest long ready | breakout continuation up | EMA aligned long | RSI supports long | dead regime penalty | volume confirmed
2026-04-24 14:32:31,ETHUSDT,SHORT,FUT,2302.268724,2288.449584,2310.603872,-0.07237916,-0.09641299,SL,365,pullback_short,pullback short ready | retest short ready | breakout continuation down | EMA aligned short | RSI supports short | dead regime penalty | volume confirmed
2026-04-24 14:40:52,SPKUSDT,LONG,FUT,0.04467786,0.04494582,0.04451219,-0.07419257,-0.09815765,SL,463,pullback_long,pullback long ready | retest long ready | breakout continuation up | near support | EMA aligned long | RSI supports long | dead regime penalty | volume confirmed
2026-04-24 15:11:34,SOLUSDT,SHORT,FUT,86.045568,85.529088,85.779298,0.06186571,0.03791243,BU,1813,pullback_short,pullback short ready | retest short ready | breakout continuation down | near resistance | EMA aligned short | RSI supports short | dead regime penalty | volume confirmed
2026-04-24 15:48:57,SOLUSDT,LONG,FUT,85.779298,86.293768,86.1685188,0.09078566,0.06672158,BU,2240,pullback_long,pullback long ready | retest long ready | breakout continuation up | near support | EMA aligned long | RSI supports long | dead regime penalty | volume confirmed
2026-04-27 18:51:57,ETHUSDT,SHORT,FUT,2287.424664,2273.694624,0.0,0.0,0.0,OPEN,0,dead_override_momentum_short,momentum breakout down | range=5.99% | change=-3.00% | vol=3.45 | score=8 | dead override candidate | watch only | trigger=2287.88233200 | invalidation=2294.06085000
2026-04-27 19:13:23,LDOUSDT,LONG,FUT,0.39925964,0.40165424,0.0,0.0,0.0,OPEN,0,dead_override_momentum_long,momentum breakout up | range=21.31% | change=-12.34% | vol=3.00 | score=11 | dead override candidate | confirmed | trigger=0.39917982 | invalidation=0.39810225
2026-04-27 19:15:17,LDOUSDT,LONG,FUT,0.39925964,0.40165424,0.39794076,-0.06609271,-0.09006265,SL,113,dead_override_momentum_long,momentum breakout up | range=21.31% | change=-12.34% | vol=3.00 | score=11 | dead override candidate | confirmed | trigger=0.39917982 | invalidation=0.39810225
2026-04-27 19:16:14,ADAUSDT,SHORT,FUT,0.24520188,0.24373008,0.0,0.0,0.0,OPEN,0,dead_override_momentum_short,momentum breakout down | range=5.25% | change=-3.08% | vol=14.00 | score=9 | dead override candidate | confirmed | trigger=0.24525094 | invalidation=0.24591325
2026-04-27 20:06:26,ADAUSDT,SHORT,FUT,0.24520188,0.24373008,0.24599836,-0.06493926,-0.08896862,SL,3012,dead_override_momentum_short,momentum breakout down | range=5.25% | change=-3.08% | vol=14.00 | score=9 | dead override candidate | confirmed | trigger=0.24525094 | invalidation=0.24591325
2026-04-27 20:06:30,ETHUSDT,SHORT,FUT,2294.361888,2280.590208,0.0,0.0,0.0,OPEN,0,dead_override_momentum_short,momentum negative momentum | range=5.99% | change=-3.10% | vol=2.16 | score=7 | dead override candidate | watch only | trigger=2294.82094400 | invalidation=2301.01820000
2026-04-27 23:53:56,ETHUSDT,SHORT,FUT,2294.361888,2280.590208,2301.790348,-0.06472814,-0.08875737,SL,13645,dead_override_momentum_short,momentum negative momentum | range=5.99% | change=-3.10% | vol=2.16 | score=7 | dead override candidate | watch only | trigger=2294.82094400 | invalidation=2301.01820000
2026-04-27 23:54:09,LDOUSDT,LONG,FUT,0.40586228,0.40829648,0.0,0.0,0.0,OPEN,0,dead_override_momentum_long,momentum breakout up | range=20.10% | change=-9.56% | vol=14.00 | score=11 | dead override candidate | confirmed | trigger=0.40578114 | invalidation=0.40468575
2026-04-28 00:08:09,LDOUSDT,LONG,FUT,0.40586228,0.40829648,0.41023584,0.21560562,0.19146666,TP2,840,dead_override_momentum_long,momentum breakout up | range=20.10% | change=-9.56% | vol=14.00 | score=11 | dead override candidate | confirmed | trigger=0.40578114 | invalidation=0.40468575
2026-04-28 00:26:05,LDOUSDT,LONG,FUT,0.41286508,0.41534128,0.0,0.0,0.0,OPEN,0,dead_override_momentum_long,momentum breakout up | range=20.10% | change=-6.70% | vol=14.00 | score=11 | dead override candidate | confirmed | trigger=0.41278254 | invalidation=0.41166825 | macro override score>=10
2026-04-28 00:26:40,LDOUSDT,LONG,FUT,0.41286508,0.41534128,0.41143536,-0.06928616,-0.09325419,SL,35,dead_override_momentum_long,momentum breakout up | range=20.10% | change=-6.70% | vol=14.00 | score=11 | dead override candidate | confirmed | trigger=0.41278254 | invalidation=0.41166825 | macro override score>=10
2026-04-28 00:56:10,LDOUSDT,LONG,FUT,0.41376544,0.41624704,0.0,0.0,0.0,OPEN,0,dead_override_momentum_long,momentum breakout up | range=20.10% | change=-6.73% | vol=7.78 | score=11 | dead override candidate | confirmed | trigger=0.41368272 | invalidation=0.41256600 | macro override score>=10
2026-04-28 00:57:08,LDOUSDT,LONG,FUT,0.41376544,0.41624704,0.412335,-0.06917021,-0.09313831,SL,58,dead_override_momentum_long,momentum breakout up | range=20.10% | change=-6.73% | vol=7.78 | score=11 | dead override candidate | confirmed | trigger=0.41368272 | invalidation=0.41256600 | macro override score>=10
2026-04-28 01:00:36,SOLUSDT,SHORT,FUT,84.76608,84.25728,0.0,0.0,0.0,OPEN,0,dead_override_momentum_short,momentum negative momentum | range=5.22% | change=-3.34% | vol=2.15 | score=7 | dead override candidate | watch only | trigger=84.78304000 | invalidation=85.01200000
2026-04-28 02:44:45,SOLUSDT,SHORT,FUT,84.76608,84.25728,83.9405628,0.19469745,0.17082387,TP2,6248,dead_override_momentum_short,momentum negative momentum | range=5.22% | change=-3.34% | vol=2.15 | score=7 | dead override candidate | watch only | trigger=84.78304000 | invalidation=85.01200000
2026-04-28 02:44:51,TAOUSDT,SHORT,FUT,246.35142,244.87272,0.0,0.0,0.0,OPEN,0,dead_override_momentum_short,momentum breakout down | range=5.16% | change=-3.07% | vol=14.00 | score=9 | dead override candidate | confirmed | trigger=246.40071000 | invalidation=247.06612500
2026-04-28 02:59:46,TAOUSDT,SHORT,FUT,246.35142,244.87272,247.178832,-0.06714644,-0.09117713,SL,894,dead_override_momentum_short,momentum breakout down | range=5.16% | change=-3.07% | vol=14.00 | score=9 | dead override candidate | confirmed | trigger=246.40071000 | invalidation=247.06612500
2026-04-28 03:00:12,LDOUSDT,SHORT,FUT,0.3978408,0.3954528,0.0,0.0,0.0,OPEN,0,dead_override_momentum_short,momentum breakout down | range=20.10% | change=-12.81% | vol=14.00 | score=11 | dead override candidate | confirmed | trigger=0.39792040 | invalidation=0.39899500
2026-04-28 03:26:39,LDOUSDT,SHORT,FUT,0.3978408,0.3954528,0.39955976,-0.0863799,-0.11042213,SL,1587,dead_override_momentum_short,momentum breakout down | range=20.10% | change=-12.81% | vol=14.00 | score=11 | dead override candidate | confirmed | trigger=0.39792040 | invalidation=0.39899500
2026-04-28 03:27:21,HYPEUSDT,LONG,FUT,41.0164,41.2624,0.0,0.0,0.0,OPEN,0,dead_override_momentum_long,momentum breakout up | range=6.60% | change=-5.06% | vol=2.00 | score=10 | dead override candidate | confirmed | trigger=41.00820000 | invalidation=40.89750000 | macro override score>=10
2026-04-28 03:31:25,HYPEUSDT,LONG,FUT,41.0164,41.2624,40.8846396,-0.06427337,-0.0882444,SL,243,dead_override_momentum_long,momentum breakout up | range=6.60% | change=-5.06% | vol=2.00 | score=10 | dead override candidate | confirmed | trigger=41.00820000 | invalidation=40.89750000 | macro override score>=10
2026-04-28 03:36:40,TAOUSDT,SHORT,FUT,246.80124,245.31984,0.0,0.0,0.0,OPEN,0,dead_override_momentum_short,momentum breakout down | range=5.16% | change=-3.41% | vol=14.00 | score=9 | dead override candidate | confirmed | trigger=246.85062000 | invalidation=247.51725000
2026-04-28 03:46:46,TAOUSDT,SHORT,FUT,246.80124,245.31984,247.609004,-0.06543248,-0.08946214,SL,606,dead_override_momentum_short,momentum breakout down | range=5.16% | change=-3.41% | vol=14.00 | score=9 | dead override candidate | confirmed | trigger=246.85062000 | invalidation=247.51725000
2026-04-28 03:58:12,HYPEUSDT,SHORT,FUT,41.0395776,40.7932416,0.0,0.0,0.0,OPEN,0,dead_override_momentum_short,momentum breakout down | range=6.10% | change=-5.09% | vol=3.22 | score=10 | dead override candidate | confirmed | trigger=41.04778880 | invalidation=41.15864000
2026-04-28 04:31:18,HYPEUSDT,SHORT,FUT,41.0395776,40.7932416,41.176464,-0.06668277,-0.09071318,SL,1986,dead_override_momentum_short,momentum breakout down | range=6.10% | change=-5.09% | vol=3.22 | score=10 | dead override candidate | confirmed | trigger=41.04778880 | invalidation=41.15864000
2026-04-28 04:31:34,HYPEUSDT,SHORT,FUT,41.1095496,40.8627936,0.0,0.0,0.0,OPEN,0,dead_override_momentum_short,momentum negative momentum | range=5.76% | change=-4.64% | vol=3.40 | score=8 | dead override candidate | confirmed | trigger=41.11777480 | invalidation=41.22881500
2026-04-28 04:46:10,HYPEUSDT,SHORT,FUT,41.1095496,40.8627936,41.256496,-0.07146156,-0.09549483,SL,876,dead_override_momentum_short,momentum negative momentum | range=5.76% | change=-4.64% | vol=3.40 | score=8 | dead override candidate | confirmed | trigger=41.11777480 | invalidation=41.22881500
2026-04-28 04:46:13,ZECUSDT,SHORT,FUT,341.083512,339.036192,0.0,0.0,0.0,OPEN,0,dead_override_momentum_short,momentum negative momentum | range=6.86% | change=-4.79% | vol=1.44 | score=7 | dead override candidate | confirmed | trigger=341.15175600 | invalidation=342.07305000
2026-04-28 05:00:34,ZECUSDT,SHORT,FUT,341.083512,339.036192,340.065972,0.05964129,0.03568667,BU,860,dead_override_momentum_short,momentum negative momentum | range=6.86% | change=-4.79% | vol=1.44 | score=7 | dead override candidate | confirmed | trigger=341.15175600 | invalidation=342.07305000
2026-04-28 05:17:09,ZECUSDT,SHORT,FUT,339.074316,337.039056,0.0,0.0,0.0,OPEN,0,dead_override_momentum_short,momentum breakout down | range=6.86% | change=-4.86% | vol=4.00 | score=9 | dead override candidate | confirmed | trigger=339.14215800 | invalidation=340.05802500
2026-04-28 05:20:21,ZECUSDT,SHORT,FUT,339.074316,337.039056,340.176016,-0.06495681,-0.08898619,SL,192,dead_override_momentum_short,momentum breakout down | range=6.86% | change=-4.86% | vol=4.00 | score=9 | dead override candidate | confirmed | trigger=339.14215800 | invalidation=340.05802500
2026-04-28 05:47:34,ZECUSDT,SHORT,FUT,339.1143,337.0788,0.0,0.0,0.0,OPEN,0,dead_override_momentum_short,momentum breakout down | range=6.86% | change=-3.37% | vol=2.51 | score=9 | dead override candidate | confirmed | trigger=339.18215000 | invalidation=340.09812500
2026-04-28 06:29:53,ZECUSDT,SHORT,FUT,339.1143,337.0788,337.024756,0.12318609,0.0992696,BU,2538,dead_override_momentum_short,momentum breakout down | range=6.86% | change=-3.37% | vol=2.51 | score=9 | dead override candidate | confirmed | trigger=339.18215000 | invalidation=340.09812500
2026-04-28 06:30:34,SIRENUSDT,SHORT,FUT,0.69008386,0.68192205,0.0,0.0,0.0,OPEN,0,dead_override_momentum_short,momentum breakout down | range=24.24% | change=25.30% | vol=14.00 | score=11 | dead override candidate | confirmed | trigger=0.69009631 | invalidation=0.69365607
2026-04-28 06:31:28,SIRENUSDT,SHORT,FUT,0.69008386,0.68192205,0.6960183,-0.17192294,-0.19601649,SL,54,dead_override_momentum_short,momentum breakout down | range=24.24% | change=25.30% | vol=14.00 | score=11 | dead override candidate | confirmed | trigger=0.69009631 | invalidation=0.69365607
2026-04-28 06:32:20,ZECUSDT,SHORT,FUT,336.075516,334.058256,0.0,0.0,0.0,OPEN,0,dead_override_momentum_short,momentum breakout down | range=7.46% | change=-4.25% | vol=2.75 | score=9 | dead override candidate | confirmed | trigger=336.14275800 | invalidation=337.05052500
2026-04-28 06:34:40,ZECUSDT,SHORT,FUT,336.075516,334.058256,337.244844,-0.06955938,-0.09359152,SL,140,dead_override_momentum_short,momentum breakout down | range=7.46% | change=-4.25% | vol=2.75 | score=9 | dead override candidate | confirmed | trigger=336.14275800 | invalidation=337.05052500
2026-04-28 07:01:40,SIRENUSDT,SHORT,FUT,0.70074959,0.69654341,0.0,0.0,0.0,OPEN,0,dead_override_momentum_short,momentum breakout down | range=20.33% | change=18.82% | vol=5.59 | score=11 | dead override candidate | confirmed | trigger=0.70088979 | invalidation=0.70278258
2026-04-28 07:04:12,SIRENUSDT,SHORT,FUT,0.70074959,0.69654341,0.70300109,-0.064234,-0.08826294,SL,151,dead_override_momentum_short,momentum breakout down | range=20.33% | change=18.82% | vol=5.59 | score=11 | dead override candidate | confirmed | trigger=0.70088979 | invalidation=0.70278258
2026-04-28 07:09:03,ZECUSDT,SHORT,FUT,335.695668,333.680688,0.0,0.0,0.0,OPEN,0,dead_override_momentum_short,momentum breakout down | range=7.64% | change=-5.24% | vol=8.84 | score=10 | dead override candidate | confirmed | trigger=335.76283400 | invalidation=336.66957500
2026-04-28 07:28:57,ZECUSDT,SHORT,FUT,335.695668,333.680688,336.874696,-0.07021576,-0.09424829,SL,1194,dead_override_momentum_short,momentum breakout down | range=7.64% | change=-5.24% | vol=8.84 | score=10 | dead override candidate | confirmed | trigger=335.76283400 | invalidation=336.66957500
2026-04-28 07:32:10,SIRENUSDT,LONG,FUT,0.71174458,0.71601334,0.0,0.0,0.0,OPEN,0,dead_override_momentum_long,momentum breakout up | range=17.35% | change=19.65% | vol=1.99 | score=11 | dead override candidate | confirmed | trigger=0.71160229 | invalidation=0.70968135 | macro override score>=10
2026-04-28 07:32:57,SIRENUSDT,LONG,FUT,0.71174458,0.71601334,0.70810664,-0.10226678,-0.12621502,SL,47,dead_override_momentum_long,momentum breakout up | range=17.35% | change=19.65% | vol=1.99 | score=11 | dead override candidate | confirmed | trigger=0.71160229 | invalidation=0.70968135 | macro override score>=10
2026-04-28 08:46:15,HYPEUSDT,SHORT,FUT,40.4598096,40.2169536,0.0,0.0,0.0,OPEN,0,dead_override_momentum_short,momentum negative momentum | range=6.65% | change=-4.28% | vol=2.80 | score=8 | dead override candidate | confirmed | trigger=40.46790480 | invalidation=40.57719000
2026-04-28 09:00:47,HYPEUSDT,SHORT,FUT,40.4598096,40.2169536,40.596232,-0.06740903,-0.09143988,SL,872,dead_override_momentum_short,momentum negative momentum | range=6.65% | change=-4.28% | vol=2.80 | score=8 | dead override candidate | confirmed | trigger=40.46790480 | invalidation=40.57719000
2026-04-28 09:27:59,BSBUSDT,LONG,FUT,0.77097827,0.77560229,0.0,0.0,0.0,OPEN,0,dead_override_momentum_long,momentum breakout up | range=24.98% | change=-9.28% | vol=2.62 | score=11 | dead override candidate | confirmed | trigger=0.77082413 | invalidation=0.76874332 | macro override score>=10
2026-04-28 09:28:15,BSBUSDT,LONG,FUT,0.77097827,0.77560229,0.76778276,-0.082928,-0.10688784,SL,15,dead_override_momentum_long,momentum breakout up | range=24.98% | change=-9.28% | vol=2.62 | score=11 | dead override candidate | confirmed | trigger=0.77082413 | invalidation=0.76874332 | macro override score>=10
2026-04-28 10:37:13,BSBUSDT,LONG,FUT,0.83188262,0.83721218,0.0,0.0,0.0,OPEN,0,dead_override_momentum_long,momentum breakout up | range=24.98% | change=3.46% | vol=14.00 | score=10 | dead override candidate | confirmed | trigger=0.83172694 | invalidation=0.82933821 | macro override score>=10
2026-04-28 10:37:16,BSBUSDT,LONG,FUT,0.83188262,0.83721218,0.82851846,-0.08091299,-0.10487405,SL,3,dead_override_momentum_long,momentum breakout up | range=24.98% | change=3.46% | vol=14.00 | score=10 | dead override candidate | confirmed | trigger=0.83172694 | invalidation=0.82933821 | macro override score>=10
2026-04-28 11:08:28,BSBUSDT,LONG,FUT,0.83114232,0.83612718,0.0,0.0,0.0,OPEN,0,dead_override_momentum_long,momentum breakout up | range=24.97% | change=11.62% | vol=14.00 | score=11 | dead override candidate | confirmed | trigger=0.83097616 | invalidation=0.82873298 | macro override score>=10
2026-04-28 11:09:48,BSBUSDT,LONG,FUT,0.83114232,0.83612718,0.82832854,-0.06773592,-0.09170488,SL,79,dead_override_momentum_long,momentum breakout up | range=24.97% | change=11.62% | vol=14.00 | score=11 | dead override candidate | confirmed | trigger=0.83097616 | invalidation=0.82873298 | macro override score>=10
2026-04-28 11:53:43,COINUSDT,LONG,FUT,190.896328,192.041248,0.0,0.0,0.0,OPEN,0,dead_override_momentum_long,momentum breakout up | range=6.91% | change=-5.03% | vol=14.00 | score=10 | dead override candidate | confirmed | trigger=190.85816400 | invalidation=190.34295000 | macro override score>=10
2026-04-28 12:09:44,COINUSDT,LONG,FUT,190.896328,192.041248,191.413404,0.05419516,0.03015304,BU,960,dead_override_momentum_long,momentum breakout up | range=6.91% | change=-5.03% | vol=14.00 | score=10 | dead override candidate | confirmed | trigger=190.85816400 | invalidation=190.34295000 | macro override score>=10
2026-04-28 12:19:58,HOODUSDT,SHORT,FUT,81.747288,81.256608,0.0,0.0,0.0,OPEN,0,dead_override_momentum_short,momentum breakout down | range=5.06% | change=-3.60% | vol=14.00 | score=9 | dead override candidate | confirmed | trigger=81.76364400 | invalidation=81.98445000
2026-04-28 12:20:38,HOODUSDT,SHORT,FUT,81.747288,81.256608,82.102828,-0.08695035,-0.11099292,SL,40,dead_override_momentum_short,momentum breakout down | range=5.06% | change=-3.60% | vol=14.00 | score=9 | dead override candidate | confirmed | trigger=81.76364400 | invalidation=81.98445000
2026-04-28 12:25:19,COINUSDT,SHORT,FUT,191.843232,190.691712,0.0,0.0,0.0,OPEN,0,dead_override_momentum_short,momentum breakout down | range=6.91% | change=-4.11% | vol=12.11 | score=9 | dead override candidate | confirmed | trigger=191.88161600 | invalidation=192.39980000
2026-04-28 12:38:07,COINUSDT,SHORT,FUT,191.843232,190.691712,192.587004,-0.07750855,-0.10154545,SL,767,dead_override_momentum_short,momentum breakout down | range=6.91% | change=-4.11% | vol=12.11 | score=9 | dead override candidate | confirmed | trigger=191.88161600 | invalidation=192.39980000
2026-04-28 13:02:12,HYPEUSDT,SHORT,FUT,39.9570108,39.7171728,0.0,0.0,0.0,OPEN,0,dead_override_momentum_short,momentum breakout down | range=7.85% | change=-5.40% | vol=2.78 | score=10 | dead override candidate | confirmed | trigger=39.96500540 | invalidation=40.07293250
2026-04-28 13:11:01,HYPEUSDT,SHORT,FUT,39.9570108,39.7171728,39.805916,0.07559843,0.05165339,BU,529,dead_override_momentum_short,momentum breakout down | range=7.85% | change=-5.40% | vol=2.78 | score=10 | dead override candidate | confirmed | trigger=39.96500540 | invalidation=40.07293250
2026-04-28 13:20:18,SKYAIUSDT,SHORT,FUT,0.1621851,0.1612116,0.0,0.0,0.0,OPEN,0,dead_override_momentum_short,momentum breakout down | range=11.69% | change=-4.64% | vol=7.18 | score=10 | dead override candidate | confirmed | trigger=0.16221755 | invalidation=0.16265562
2026-04-28 13:20:58,SKYAIUSDT,SHORT,FUT,0.1621851,0.1612116,0.16273507,-0.06779267,-0.09182374,SL,39,dead_override_momentum_short,momentum breakout down | range=11.69% | change=-4.64% | vol=7.18 | score=10 | dead override candidate | confirmed | trigger=0.16221755 | invalidation=0.16265562
2026-04-28 13:22:44,COINUSDT,SHORT,FUT,192.442992,191.287872,0.0,0.0,0.0,OPEN,0,dead_override_momentum_short,momentum breakout down | range=6.91% | change=-3.41% | vol=7.00 | score=9 | dead override candidate | confirmed | trigger=192.48149600 | invalidation=193.00130000
2026-04-28 13:27:49,COINUSDT,SHORT,FUT,192.442992,191.287872,190.47616,0.20432495,0.18045715,TP2,304,dead_override_momentum_short,momentum breakout down | range=6.91% | change=-3.41% | vol=7.00 | score=9 | dead override candidate | confirmed | trigger=192.48149600 | invalidation=193.00130000
2026-04-28 13:30:42,HOODUSDT,SHORT,FUT,81.097548,80.610768,0.0,0.0,0.0,OPEN,0,dead_override_momentum_short,momentum breakout down | range=5.53% | change=-3.56% | vol=1.85 | score=9 | dead override candidate | confirmed | trigger=81.11377400 | invalidation=81.33282500
2026-04-28 13:31:21,HOODUSDT,SHORT,FUT,81.097548,80.610768,81.43256,-0.08258647,-0.10662642,SL,39,dead_override_momentum_short,momentum breakout down | range=5.53% | change=-3.56% | vol=1.85 | score=9 | dead override candidate | confirmed | trigger=81.11377400 | invalidation=81.33282500
2026-04-28 13:53:25,COINUSDT,SHORT,FUT,192.9228,191.7648,0.0,0.0,0.0,OPEN,0,dead_override_momentum_short,momentum negative momentum | range=6.66% | change=-3.60% | vol=3.08 | score=8 | dead override candidate | confirmed | trigger=192.96140000 | invalidation=193.48250000
2026-04-28 13:57:06,COINUSDT,SHORT,FUT,192.9228,191.7648,193.557392,-0.06576083,-0.08979069,SL,221,dead_override_momentum_short,momentum negative momentum | range=6.66% | change=-3.60% | vol=3.08 | score=8 | dead override candidate | confirmed | trigger=192.96140000 | invalidation=193.48250000
2026-04-28 14:00:47,SKYAIUSDT,SHORT,FUT,0.16789282,0.16688506,0.0,0.0,0.0,OPEN,0,dead_override_momentum_short,momentum breakout down | range=11.45% | change=-3.60% | vol=2.42 | score=10 | dead override candidate | confirmed | trigger=0.16792641 | invalidation=0.16837990
2026-04-28 14:01:02,SKYAIUSDT,SHORT,FUT,0.16789282,0.16688506,0.16850738,-0.07317885,-0.09721316,SL,15,dead_override_momentum_short,momentum breakout down | range=11.45% | change=-3.60% | vol=2.42 | score=10 | dead override candidate | confirmed | trigger=0.16792641 | invalidation=0.16837990
2026-04-28 14:24:45,COINUSDT,SHORT,FUT,193.1727,192.0132,0.0,0.0,0.0,OPEN,0,dead_override_momentum_short,momentum negative momentum | range=6.66% | change=-3.20% | vol=2.92 | score=7 | dead override candidate | watch only | trigger=193.21135000 | invalidation=193.73312500
2026-04-28 14:39:58,COINUSDT,SHORT,FUT,193.1727,192.0132,192.336904,0.08649894,0.06256044,BU,912,dead_override_momentum_short,momentum negative momentum | range=6.66% | change=-3.20% | vol=2.92 | score=7 | dead override candidate | watch only | trigger=193.21135000 | invalidation=193.73312500
2026-04-28 14:41:01,SKYAIUSDT,SHORT,FUT,0.1664434,0.16544434,0.0,0.0,0.0,OPEN,0,dead_override_momentum_short,momentum breakout down | range=11.30% | change=-3.16% | vol=14.00 | score=10 | dead override candidate | confirmed | trigger=0.16647670 | invalidation=0.16692627
2026-04-28 14:43:07,SKYAIUSDT,SHORT,FUT,0.1664434,0.16544434,0.1648159,0.19548375,0.17161064,TP2,125,dead_override_momentum_short,momentum breakout down | range=11.30% | change=-3.16% | vol=14.00 | score=10 | dead override candidate | confirmed | trigger=0.16647670 | invalidation=0.16692627
2026-04-28 15:02:54,SIRENUSDT,SHORT,FUT,0.70942612,0.70388187,0.0,0.0,0.0,OPEN,0,dead_override_momentum_short,momentum breakout down | range=17.77% | change=15.14% | vol=14.00 | score=11 | dead override candidate | confirmed | trigger=0.70952787 | invalidation=0.71198661
2026-04-28 15:06:02,SIRENUSDT,SHORT,FUT,0.70942612,0.70388187,0.70542206,0.11283662,0.08891393,BU,188,dead_override_momentum_short,momentum breakout down | range=17.77% | change=15.14% | vol=14.00 | score=11 | dead override candidate | confirmed | trigger=0.70952787 | invalidation=0.71198661
2026-04-28 15:11:47,SKYAIUSDT,LONG,FUT,0.16548617,0.16647869,0.0,0.0,0.0,OPEN,0,dead_override_momentum_long,momentum breakout up | range=11.35% | change=-4.47% | vol=14.00 | score=10 | dead override candidate | confirmed | trigger=0.16545308 | invalidation=0.16500645 | macro override score>=10
2026-04-28 15:31:18,SKYAIUSDT,LONG,FUT,0.16548617,0.16647869,0.16597358,0.05893048,0.03488552,BU,1170,dead_override_momentum_long,momentum breakout up | range=11.35% | change=-4.47% | vol=14.00 | score=10 | dead override candidate | confirmed | trigger=0.16545308 | invalidation=0.16500645 | macro override score>=10
2026-04-28 15:31:29,BSBUSDT,LONG,FUT,0.79121636,0.79596176,0.0,0.0,0.0,OPEN,0,dead_override_momentum_long,momentum breakout up | range=23.49% | change=-4.74% | vol=2.57 | score=10 | dead override candidate | confirmed | trigger=0.79105818 | invalidation=0.78892275 | macro override score>=10
2026-04-28 15:33:18,BSBUSDT,LONG,FUT,0.79121636,0.79596176,0.78859444,-0.06630229,-0.09027211,SL,109,dead_override_momentum_long,momentum breakout up | range=23.49% | change=-4.74% | vol=2.57 | score=10 | dead override candidate | confirmed | trigger=0.79105818 | invalidation=0.78892275 | macro override score>=10
2026-04-28 15:33:54,SIRENUSDT,LONG,FUT,0.70090025,0.70510397,0.0,0.0,0.0,OPEN,0,dead_override_momentum_long,momentum breakout up | range=15.78% | change=7.06% | vol=4.71 | score=11 | dead override candidate | confirmed | trigger=0.70076012 | invalidation=0.69886845 | macro override score>=10
2026-04-28 15:34:02,SIRENUSDT,LONG,FUT,0.70090025,0.70510397,0.69803068,-0.08191528,-0.10587573,SL,7,dead_override_momentum_long,momentum breakout up | range=15.78% | change=7.06% | vol=4.71 | score=11 | dead override candidate | confirmed | trigger=0.70076012 | invalidation=0.69886845 | macro override score>=10
2026-04-28 15:43:03,SKYAIUSDT,LONG,FUT,0.16728689,0.16829021,0.0,0.0,0.0,OPEN,0,dead_override_momentum_long,momentum breakout up | range=10.94% | change=-3.33% | vol=14.00 | score=10 | dead override candidate | confirmed | trigger=0.16725344 | invalidation=0.16680195 | macro override score>=10
2026-04-28 15:46:34,SKYAIUSDT,LONG,FUT,0.16728689,0.16829021,0.16889242,0.1920256,0.16790078,TP2,211,dead_override_momentum_long,momentum breakout up | range=10.94% | change=-3.33% | vol=14.00 | score=10 | dead override candidate | confirmed | trigger=0.16725344 | invalidation=0.16680195 | macro override score>=10
2026-04-28 16:05:25,TAOUSDT,LONG,FUT,258.463344,260.013504,0.0,0.0,0.0,OPEN,0,dead_override_momentum_long,momentum breakout up | range=5.49% | change=5.49% | vol=2.75 | score=10 | dead override candidate | confirmed | trigger=258.41167200 | invalidation=257.71410000 | macro override score>=10
2026-04-28 16:28:26,TAOUSDT,LONG,FUT,258.463344,260.013504,257.616912,-0.06552346,-0.08949374,SL,1380,dead_override_momentum_long,momentum breakout up | range=5.49% | change=5.49% | vol=2.75 | score=10 | dead override candidate | confirmed | trigger=258.41167200 | invalidation=257.71410000 | macro override score>=10
2026-04-28 16:28:28,ZBTUSDT,LONG,FUT,0.20149056,0.20269902,0.0,0.0,0.0,OPEN,0,dead_override_momentum_long,momentum breakout up | range=24.95% | change=11.68% | vol=2.95 | score=11 | dead override candidate | confirmed | trigger=0.20145028 | invalidation=0.20090648 | macro override score>=10
2026-04-28 16:29:10,ZBTUSDT,LONG,FUT,0.20149056,0.20269902,0.20061972,-0.08647436,-0.11043207,SL,41,dead_override_momentum_long,momentum breakout up | range=24.95% | change=11.68% | vol=2.95 | score=11 | dead override candidate | confirmed | trigger=0.20145028 | invalidation=0.20090648 | macro override score>=10
2026-04-28 16:41:10,HYPEUSDT,SHORT,FUT,39.454212,38.44462858,0.0,0.0,0.0,OPEN,0,retest_short,4H strong_down | retest short ready | breakout continuation down | EMA aligned short | RSI supports short
2026-04-29 08:20:04,DOGEUSDT,LONG,FUT,0.10575228,0.10845285,0.0,0.0,0.0,OPEN,0,momentum_long,momentum breakout up | range=7.41% | change=6.17% | vol=1.60 | score=10 | confirmed | trigger=0.10579571 | invalidation=0.10463857 | macro override score>=10
2026-04-29 09:20:20,DOGEUSDT,LONG,FUT,0.10575228,0.10845285,0.10700718,0.23742314,0.21327109,TIMEOUT,3616,momentum_long,momentum breakout up | range=7.41% | change=6.17% | vol=1.60 | score=10 | confirmed | trigger=0.10579571 | invalidation=0.10463857 | macro override score>=10
2026-04-29 09:20:23,DOGEUSDT,LONG,FUT,0.10736293,0.11040342,0.0,0.0,0.0,OPEN,0,momentum_long,momentum breakout up | range=8.31% | change=7.02% | vol=1.79 | score=10 | confirmed | trigger=0.10741636 | invalidation=0.10611554 | macro override score>=10
2026-04-29 09:49:35,DOGEUSDT,LONG,FUT,0.10736293,0.11040342,0.10879646,0.26715132,0.24298143,TIMEOUT,1752,momentum_long,momentum breakout up | range=8.31% | change=7.02% | vol=1.79 | score=10 | confirmed | trigger=0.10741636 | invalidation=0.10611554 | macro override score>=10
2026-04-29 09:50:27,DOGEUSDT,LONG,FUT,0.10868346,0.11306973,0.0,0.0,0.0,OPEN,0,momentum_long,momentum breakout up | range=12.77% | change=10.67% | vol=2.10 | score=11 | confirmed | trigger=0.10877843 | invalidation=0.10690964 | macro override score>=10
2026-04-29 10:10:51,DOGEUSDT,LONG,FUT,0.10868346,0.11306973,0.10986604,0.21770545,0.19356523,TIMEOUT,1224,momentum_long,momentum breakout up | range=12.77% | change=10.67% | vol=2.10 | score=11 | confirmed | trigger=0.10877843 | invalidation=0.10690964 | macro override score>=10
2026-04-29 13:00:58,BSBUSDT,SHORT,FUT,0.7429627,0.61501315,0.0,0.0,0.0,OPEN,0,retest_short,4H strong_down | retest short ready | breakout continuation down | EMA aligned short | RSI supports short
2026-04-29 16:57:14,CLUSDT,LONG,FUT,107.0397988,109.4818,0.0,0.0,0.0,OPEN,0,momentum_long,momentum breakout up | range=8.00% | change=7.66% | vol=2.04 | score=10 | confirmed | trigger=107.07465000 | invalidation=106.02637500 | macro override score>=10
2026-04-29 19:33:13,CLUSDT,LONG,FUT,107.0397988,109.4818,108.2146968,0.21961326,0.19547189,TIMEOUT,9359,momentum_long,momentum breakout up | range=8.00% | change=7.66% | vol=2.04 | score=10 | confirmed | trigger=107.07465000 | invalidation=106.02637500 | macro override score>=10
2026-04-29 19:33:14,CLUSDT,LONG,FUT,108.2892984,111.06771427,0.0,0.0,0.0,OPEN,0,momentum_long,momentum breakout up | range=8.96% | change=8.20% | vol=2.39 | score=10 | confirmed | trigger=108.33417857 | invalidation=107.14376786 | macro override score>=10
2026-04-30 00:00:40,CLUSDT,LONG,FUT,108.2892984,111.06771427,106.9362084,-0.25000277,-0.27386237,SL,16046,momentum_long,momentum breakout up | range=8.96% | change=8.20% | vol=2.39 | score=10 | confirmed | trigger=108.33417857 | invalidation=107.14376786 | macro override score>=10
2026-04-30 00:30:43,DOGEUSDT,LONG,FUT,0.1062925,0.10913915,0.0,0.0,0.0,OPEN,0,momentum_long,momentum breakout up | range=11.97% | change=6.00% | vol=3.80 | score=11 | confirmed | trigger=0.10634029 | invalidation=0.10512142 | macro override score>=10
2026-04-30 00:50:46,DOGEUSDT,LONG,FUT,0.1062925,0.10913915,0.107467,0.2210816,0.19693935,TIMEOUT,1202,momentum_long,momentum breakout up | range=11.97% | change=6.00% | vol=3.80 | score=11 | confirmed | trigger=0.10634029 | invalidation=0.10512142 | macro override score>=10
2026-04-30 02:31:47,CLUSDT,LONG,FUT,108.8745324,111.36242858,0.0,0.0,0.0,OPEN,0,momentum_long,momentum breakout up | range=9.31% | change=9.94% | vol=2.88 | score=11 | confirmed | trigger=108.91010714 | invalidation=107.84216071 | macro override score>=10
2026-04-30 04:30:53,CLUSDT,LONG,FUT,108.8745324,111.36242858,110.0579592,0.21747973,0.19333964,TIMEOUT,7146,momentum_long,momentum breakout up | range=9.31% | change=9.94% | vol=2.88 | score=11 | confirmed | trigger=108.91010714 | invalidation=107.84216071 | macro override score>=10
2026-04-30 04:30:54,CLUSDT,LONG,FUT,110.309106,113.05105715,0.0,0.0,0.0,OPEN,0,momentum_long,momentum breakout up | range=9.99% | change=10.70% | vol=3.23 | score=11 | confirmed | trigger=110.35206429 | invalidation=109.17669643 | macro override score>=10
2026-04-30 05:08:45,CLUSDT,LONG,FUT,110.309106,113.05105715,109.0023816,-0.23701526,-0.26088265,SL,2270,momentum_long,momentum breakout up | range=9.99% | change=10.70% | vol=3.23 | score=11 | confirmed | trigger=110.35206429 | invalidation=109.17669643 | macro override score>=10
2026-04-30 11:03:43,CLUSDT,SHORT,FUT,105.8466444,102.49494285,0.0,0.0,0.0,OPEN,0,momentum_short,momentum breakout down | range=7.61% | change=3.00% | vol=4.10 | score=9 | confirmed | trigger=105.78293571 | invalidation=107.21480357
2026-04-30 11:25:45,CLUSDT,SHORT,FUT,105.8466444,102.49494285,104.69186,0.21811225,0.19425272,TIMEOUT,1321,momentum_short,momentum breakout down | range=7.61% | change=3.00% | vol=4.10 | score=9 | confirmed | trigger=105.78293571 | invalidation=107.21480357
2026-04-30 17:29:49,DOGEUSDT,SHORT,FUT,0.10543781,0.10270515,0.0,0.0,0.0,OPEN,0,momentum_short,momentum breakout down | range=7.05% | change=3.10% | vol=2.74 | score=9 | confirmed | trigger=0.10539329 | invalidation=0.10656393
2026-04-30 21:14:59,DOGEUSDT,SHORT,FUT,0.10543781,0.10270515,0.10674268,-0.24741562,-0.27155447,SL,13510,momentum_short,momentum breakout down | range=7.05% | change=3.10% | vol=2.74 | score=9 | confirmed | trigger=0.10539329 | invalidation=0.10656393
2026-05-01 07:16:30,CLUSDT,SHORT,FUT,104.4372084,102.50757142,0.0,0.0,0.0,OPEN,0,dead_override_momentum_short,momentum breakout down | range=5.44% | change=-3.22% | vol=3.61 | score=9 | dead override candidate | confirmed | trigger=104.41739286 | invalidation=105.24908929
2026-05-01 07:54:52,CLUSDT,SHORT,FUT,104.4372084,102.50757142,105.2650892,-0.15847793,-0.18256342,SL,2302,dead_override_momentum_short,momentum breakout down | range=5.44% | change=-3.22% | vol=3.61 | score=9 | dead override candidate | confirmed | trigger=104.41739286 | invalidation=105.24908929
2026-05-01 10:19:58,BSBUSDT,SHORT,FUT,0.52477001,0.45848173,0.0,0.0,0.0,OPEN,0,breakout_short,4H strong_down | breakout continuation down | EMA aligned short | RSI supports short | volume confirmed
2026-05-01 10:52:57,BSBUSDT,SHORT,FUT,0.52477001,0.45848173,0.51898751,0.22029403,0.19643581,TIMEOUT,1979,breakout_short,4H strong_down | breakout continuation down | EMA aligned short | RSI supports short | volume confirmed
2026-05-01 10:53:04,BSBUSDT,SHORT,FUT,0.51643334,0.44886627,0.0,0.0,0.0,OPEN,0,momentum_short,momentum breakout down | range=21.96% | change=-6.50% | vol=1.27 | score=10 | confirmed | trigger=0.51452207 | invalidation=0.54311411
2026-05-01 11:49:11,BSBUSDT,SHORT,FUT,0.51643334,0.44886627,0.51031404,0.2368882,0.21303993,TIMEOUT,3366,momentum_short,momentum breakout down | range=21.96% | change=-6.50% | vol=1.27 | score=10 | confirmed | trigger=0.51452207 | invalidation=0.54311411
2026-05-01 11:55:31,BSBUSDT,SHORT,FUT,0.50469804,0.43319027,0.0,0.0,0.0,OPEN,0,retest_short,4H strong_down | retest short ready | breakout continuation down | EMA aligned short | RSI supports short | volume confirmed
2026-05-01 12:15:31,BSBUSDT,SHORT,FUT,0.50469804,0.43319027,0.49114638,0.5368057,0.51313739,TIMEOUT,1200,retest_short,4H strong_down | retest short ready | breakout continuation down | EMA aligned short | RSI supports short | volume confirmed
2026-05-01 12:15:33,CLUSDT,SHORT,FUT,103.0657572,100.31774285,0.0,0.0,0.0,OPEN,0,breakout_short,4H strong_down | breakout continuation down | EMA aligned short | RSI supports short | volume confirmed
2026-05-01 13:33:17,CLUSDT,SHORT,FUT,103.0657572,100.31774285,101.925754,0.22113013,0.19727241,TIMEOUT,4664,breakout_short,4H strong_down | breakout continuation down | EMA aligned short | RSI supports short | volume confirmed
2026-05-01 13:33:19,CLUSDT,SHORT,FUT,101.8412472,98.67834285,0.0,0.0,0.0,OPEN,0,retest_short,4H strong_down | retest short ready | breakout continuation down | EMA aligned short | RSI supports short | volume confirmed
2026-05-01 13:55:27,CLUSDT,SHORT,FUT,101.8412472,98.67834285,100.7212724,0.21985725,0.19599876,TIMEOUT,1328,retest_short,4H strong_down | retest short ready | breakout continuation down | EMA aligned short | RSI supports short | volume confirmed
2026-05-01 14:04:54,CLUSDT,SHORT,FUT,99.9729948,96.66077142,0.0,0.0,0.0,OPEN,0,momentum_short,momentum breakout down | range=6.18% | change=-4.96% | vol=2.93 | score=9 | confirmed | trigger=99.90824286 | invalidation=101.32246429
2026-05-01 14:45:03,CLUSDT,SHORT,FUT,99.9729948,96.66077142,101.5215924,-0.30967926,-0.33385547,SL,2409,momentum_short,momentum breakout down | range=6.18% | change=-4.96% | vol=2.93 | score=9 | confirmed | trigger=99.90824286 | invalidation=101.32246429
2026-05-02 01:01:47,SKYAIUSDT,LONG,FUT,0.38295312,0.40978515,0.0,0.0,0.0,OPEN,0,retest_long,4H strong_up | retest long ready | breakout continuation up | EMA aligned long | RSI supports long | volume confirmed
2026-05-02 01:57:57,SKYAIUSDT,LONG,FUT,0.38295312,0.40978515,0.3925929,0.50364577,0.47933398,SL,3370,retest_long,4H strong_up | retest long ready | breakout continuation up | EMA aligned long | RSI supports long | volume confirmed
2026-05-02 02:30:30,SKYAIUSDT,LONG,FUT,0.4041616,0.43891427,0.0,0.0,0.0,OPEN,0,momentum_long,momentum breakout up | range=18.52% | change=5.74% | vol=1.52 | score=10 | confirmed | trigger=0.40509107 | invalidation=0.39036161
2026-05-02 03:30:30,SKYAIUSDT,LONG,FUT,0.4041616,0.43891427,0.41196515,0.38631426,0.36207287,TIMEOUT,3600,momentum_long,momentum breakout up | range=18.52% | change=5.74% | vol=1.52 | score=10 | confirmed | trigger=0.40509107 | invalidation=0.39036161
2026-05-02 04:00:33,SKYAIUSDT,LONG,FUT,0.41518601,0.45104285,0.0,0.0,0.0,OPEN,0,momentum_long,momentum breakout up | range=20.67% | change=8.11% | vol=1.51 | score=10 | confirmed | trigger=0.41614571 | invalidation=0.40094857
2026-05-02 05:23:44,SKYAIUSDT,LONG,FUT,0.41518601,0.45104285,0.3991003,-0.77517777,-0.79872227,SL,4991,momentum_long,momentum breakout up | range=20.67% | change=8.11% | vol=1.51 | score=10 | confirmed | trigger=0.41614571 | invalidation=0.40094857
2026-05-02 12:43:02,SKYAIUSDT,LONG,FUT,0.42464979,0.47607542,0.0,0.0,0.0,OPEN,0,momentum_long,momentum breakout up | range=21.19% | change=11.63% | vol=1.46 | score=10 | confirmed | trigger=0.42609236 | invalidation=0.40432554
2026-05-02 13:24:15,SKYAIUSDT,LONG,FUT,0.42464979,0.47607542,0.43985399,0.71636817,0.69192875,SL,2473,momentum_long,momentum breakout up | range=21.19% | change=11.63% | vol=1.46 | score=10 | confirmed | trigger=0.42609236 | invalidation=0.40432554
2026-05-02 18:36:40,TIAUSDT,LONG,FUT,0.36094432,0.36900573,0.0,0.0,0.0,OPEN,0,retest_long,4H strong_up | retest long ready | breakout continuation up | EMA aligned long | RSI supports long
2026-05-02 18:45:17,TAOUSDT,LONG,FUT,282.853096,289.68171427,0.0,0.0,0.0,OPEN,0,momentum_long,momentum breakout up | range=5.21% | change=3.36% | vol=5.00 | score=9 | confirmed | trigger=282.95692857 | invalidation=280.02839286
2026-05-02 18:56:29,TAOUSDT,LONG,FUT,282.853096,289.68171427,285.73566,0.36702378,0.32358629,SL,671,momentum_long,momentum breakout up | range=5.21% | change=3.36% | vol=5.00 | score=9 | confirmed | trigger=282.95692857 | invalidation=280.02839286
2026-05-02 18:56:31,ZECUSDT,LONG,FUT,380.482132,389.05914285,0.0,0.0,0.0,OPEN,0,retest_long,4H strong_up | retest long ready | breakout continuation up | EMA aligned long | RSI supports long | volume confirmed
2026-05-02 19:56:31,ZECUSDT,LONG,FUT,380.482132,389.05914285,383.69646,0.30425107,0.26085124,TIMEOUT,3600,retest_long,4H strong_up | retest long ready | breakout continuation up | EMA aligned long | RSI supports long | volume confirmed
2026-05-02 19:56:32,TAOUSDT,LONG,FUT,289.825884,298.34542858,0.0,0.0,0.0,OPEN,0,momentum_long,momentum breakout up | range=7.51% | change=6.20% | vol=5.00 | score=10 | confirmed | trigger=289.97985714 | invalidation=286.33678571
2026-05-02 21:10:17,TAOUSDT,LONG,FUT,289.825884,298.34542858,288.514548,-0.16294949,-0.206069,SL,4425,momentum_long,momentum breakout up | range=7.51% | change=6.20% | vol=5.00 | score=10 | confirmed | trigger=289.97985714 | invalidation=286.33678571
2026-05-02 21:38:02,ZECUSDT,LONG,FUT,390.866284,401.37285715,0.0,0.0,0.0,OPEN,0,retest_long,4H strong_up | retest long ready | breakout continuation up | EMA aligned long | RSI supports long | volume confirmed
2026-05-02 21:39:27,ZECUSDT,LONG,FUT,390.866284,401.37285715,389.923968,-0.08682495,-0.12999013,SL,84,retest_long,4H strong_up | retest long ready | breakout continuation up | EMA aligned long | RSI supports long | volume confirmed
2026-05-02 22:01:10,PENDLEUSDT,LONG,FUT,1.62234868,1.68030573,0.0,0.0,0.0,OPEN,0,retest_long,4H strong_up | retest long ready | breakout continuation up | EMA aligned long | RSI supports long
2026-05-02 23:46:01,PENDLEUSDT,LONG,FUT,1.62234868,1.68030573,1.61045556,-0.2640145,-0.30707337,SL,6291,retest_long,4H strong_up | retest long ready | breakout continuation up | EMA aligned long | RSI supports long
2026-05-03 00:20:55,MEGAUSDT,SHORT,FUT,0.13236703,0.12502573,0.0,0.0,0.0,OPEN,0,momentum_short,momentum breakout down | range=17.02% | change=-14.02% | vol=1.37 | score=10 | confirmed | trigger=0.13218893 | invalidation=0.13530839
2026-05-03 00:41:12,MEGAUSDT,SHORT,FUT,0.13236703,0.12502573,0.13136252,0.18599707,0.15669734,FADE,1216,momentum_short,momentum breakout down | range=17.02% | change=-14.02% | vol=1.37 | score=10 | confirmed | trigger=0.13218893 | invalidation=0.13530839
2026-05-03 00:44:49,ONDOUSDT,SHORT,FUT,0.2808876,0.27469142,0.0,0.0,0.0,OPEN,0,momentum_short,momentum breakout down | range=8.00% | change=4.92% | vol=1.42 | score=8 | confirmed | trigger=0.28080286 | invalidation=0.28346429
2026-05-03 01:44:50,ONDOUSDT,SHORT,FUT,0.2808876,0.27469142,0.2791116,0.22753025,0.18448405,TIMEOUT,3600,momentum_short,momentum breakout down | range=8.00% | change=4.92% | vol=1.42 | score=8 | confirmed | trigger=0.28080286 | invalidation=0.28346429
2026-05-03 02:12:25,MEGAUSDT,SHORT,FUT,0.12556975,0.11765885,0.0,0.0,0.0,OPEN,0,momentum_short,momentum breakout down | range=21.48% | change=-18.97% | vol=1.60 | score=11 | confirmed | trigger=0.12537121 | invalidation=0.12872983
2026-05-03 02:34:09,MEGAUSDT,SHORT,FUT,0.12556975,0.11765885,0.12734092,-0.30553192,-0.33170867,SL,1304,momentum_short,momentum breakout down | range=21.48% | change=-18.97% | vol=1.60 | score=11 | confirmed | trigger=0.12537121 | invalidation=0.12872983
2026-05-03 02:45:32,ENAUSDT,SHORT,FUT,0.10015992,0.09793715,0.0,0.0,0.0,OPEN,0,retest_short,4H down | retest short ready | breakout continuation down | EMA aligned short | RSI supports short | volume confirmed
2026-05-03 06:43:33,AIGENSYNUSDT,BUY,SPOT,0.03586134,0.04013271,0.0,0.0,0.0,OPEN,0,spot_retest_long,retest long ready | breakout continuation up | RSI supports long | volume confirmed
2026-05-03 06:45:13,AIGENSYNUSDT,,SPOT,0.03586134,0.04013271,0.03618552,0.08440309,0.08440309,FADE,0,spot_retest_long,retest long ready | breakout continuation up | RSI supports long | volume confirmed
2026-05-03 11:42:17,ZECUSDT,LONG,FUT,394.00754,403.54142858,0.0,0.0,0.0,OPEN,0,momentum_long,momentum breakout up | range=6.09% | change=4.87% | vol=5.00 | score=9 | confirmed | trigger=394.15285714 | invalidation=390.06428571
2026-05-03 11:43:22,ZECUSDT,LONG,FUT,394.00754,403.54142858,398.020728,0.36682688,0.32338951,FADE,64,momentum_long,momentum breakout up | range=6.09% | change=4.87% | vol=5.00 | score=9 | confirmed | trigger=394.15285714 | invalidation=390.06428571
2026-05-03 11:47:19,WLFIUSDT,LONG,FUT,0.05762304,0.05995427,0.0,0.0,0.0,OPEN,0,momentum_long,momentum breakout up | range=5.91% | change=5.50% | vol=1.31 | score=9 | confirmed | trigger=0.05767357 | invalidation=0.05668036
2026-05-03 12:19:42,WLFIUSDT,LONG,FUT,0.05762304,0.05995427,0.05787684,0.14829227,0.10780115,FADE,1943,momentum_long,momentum breakout up | range=5.91% | change=5.50% | vol=1.31 | score=9 | confirmed | trigger=0.05767357 | invalidation=0.05668036
2026-05-03 12:45:39,MEGAUSDT,SHORT,FUT,0.1247101,0.11824115,0.0,0.0,0.0,OPEN,0,momentum_short,momentum breakout down | range=17.72% | change=-14.89% | vol=2.11 | score=11 | confirmed | trigger=0.12455629 | invalidation=0.12730643
2026-05-03 12:47:40,MEGAUSDT,SHORT,FUT,0.1247101,0.11824115,0.12356941,0.2409117,0.20945005,FADE,121,momentum_short,momentum breakout down | range=17.72% | change=-14.89% | vol=2.11 | score=11 | confirmed | trigger=0.12455629 | invalidation=0.12730643
2026-05-03 13:02:01,ZECUSDT,LONG,FUT,404.091572,417.61228573,0.0,0.0,0.0,OPEN,0,momentum_long,momentum breakout up | range=7.85% | change=7.92% | vol=5.00 | score=10 | confirmed | trigger=404.35757143 | invalidation=398.58535714
2026-05-03 13:43:53,ZECUSDT,LONG,FUT,404.091572,417.61228573,397.760832,-0.56422311,-0.60710185,SL,2511,momentum_long,momentum breakout up | range=7.85% | change=7.92% | vol=5.00 | score=10 | confirmed | trigger=404.35757143 | invalidation=398.58535714
2026-05-03 14:26:51,VIRTUALUSDT,LONG,FUT,0.74849928,0.76644,0.0,0.0,0.0,OPEN,0,retest_long,4H strong_up | retest long ready | breakout continuation up | EMA aligned long | RSI supports long | volume confirmed
2026-05-03 15:42:40,WLFIUSDT,LONG,FUT,0.05782312,0.06038285,0.0,0.0,0.0,OPEN,0,momentum_long,momentum positive momentum | range=7.80% | change=5.68% | vol=1.52 | score=8 | confirmed | trigger=0.05788071 | invalidation=0.05679107
2026-05-03 16:47:20,WLFIUSDT,LONG,FUT,0.05782312,0.06038285,0.05837664,0.19152941,0.16740489,TIMEOUT,3880,momentum_long,momentum positive momentum | range=7.80% | change=5.68% | vol=1.52 | score=8 | confirmed | trigger=0.05788071 | invalidation=0.05679107
2026-05-03 16:47:22,MEGAUSDT,SHORT,FUT,0.12390042,0.11622658,0.0,0.0,0.0,OPEN,0,momentum_short,momentum negative momentum | range=13.87% | change=-9.93% | vol=2.22 | score=10 | confirmed | trigger=0.12370864 | invalidation=0.12696696
2026-05-03 17:40:32,ORDIUSDT,LONG,FUT,5.2801112,5.51525715,0.0,0.0,0.0,OPEN,0,momentum_long,momentum breakout up | range=22.75% | change=-11.92% | vol=5.00 | score=11 | confirmed | trigger=5.28541429 | invalidation=5.18532142
2026-05-03 18:00:17,BIOUSDT,LONG,FUT,0.06020407,0.06642915,0.0,0.0,0.0,OPEN,0,momentum_long,momentum positive momentum | range=18.44% | change=6.12% | vol=5.00 | score=10 | confirmed | trigger=0.06037529 | invalidation=0.05773892
2026-05-03 18:58:48,ORDIUSDT,LONG,FUT,5.367146,5.6146,0.0,0.0,0.0,OPEN,0,momentum_long,momentum breakout up | range=19.28% | change=-8.37% | vol=4.67 | score=11 | confirmed | trigger=5.37280000 | invalidation=5.26750000
2026-05-03 19:20:29,BIOUSDT,LONG,FUT,0.06373548,0.07000258,0.0,0.0,0.0,OPEN,0,momentum_long,momentum breakout up | range=22.52% | change=12.19% | vol=5.00 | score=11 | confirmed | trigger=0.06390664 | invalidation=0.06125196
2026-05-03 19:30:15,BSBUSDT,LONG,FUT,0.72499988,0.79097973,0.0,0.0,0.0,OPEN,0,breakout_long,4H strong_up | breakout continuation up | EMA aligned long | RSI supports long | volume confirmed
2026-05-03 19:38:53,ONDOUSDT,LONG,FUT,0.29101636,0.29755142,0.0,0.0,0.0,OPEN,0,breakout_long,4H strong_up | breakout continuation up | EMA aligned long | RSI supports long
2026-05-03 19:53:42,ONDOUSDT,LONG,FUT,0.29101636,0.29755142,0.29268288,0.11457683,0.09049848,SL,889,breakout_long,4H strong_up | breakout continuation up | EMA aligned long | RSI supports long
2026-05-03 19:56:50,WLFIUSDT,LONG,FUT,0.05862344,0.06150285,0.0,0.0,0.0,OPEN,0,momentum_long,momentum positive momentum | range=9.57% | change=5.60% | vol=1.74 | score=10 | confirmed | trigger=0.05869071 | invalidation=0.05746607
2026-05-03 22:40:48,WLFIUSDT,LONG,FUT,0.05862344,0.06150285,0.05917632,0.18869625,0.16457343,TIMEOUT,9837,momentum_long,momentum positive momentum | range=9.57% | change=5.60% | vol=1.74 | score=10 | confirmed | trigger=0.05869071 | invalidation=0.05746607
2026-05-03 22:40:49,ZECUSDT,LONG,FUT,412.444912,427.49828573,0.0,0.0,0.0,OPEN,0,momentum_long,momentum positive momentum | range=9.15% | change=6.54% | vol=5.00 | score=10 | confirmed | trigger=412.75557143 | invalidation=406.33535714
2026-05-04 00:57:20,ZECUSDT,LONG,FUT,412.444912,427.49828573,415.893576,0.16729718,0.1431872,TIMEOUT,8190,momentum_long,momentum positive momentum | range=9.15% | change=6.54% | vol=5.00 | score=10 | confirmed | trigger=412.75557143 | invalidation=406.33535714
2026-05-04 00:57:21,ORCAUSDT,SHORT,FUT,1.9332264,1.84074285,0.0,0.0,0.0,OPEN,0,momentum_short,momentum negative momentum | range=11.72% | change=-6.44% | vol=4.13 | score=10 | confirmed | trigger=1.93108571 | invalidation=1.97042857
2026-05-04 01:18:48,ORCAUSDT,SHORT,FUT,1.9332264,1.84074285,1.97579,-0.44016132,-0.46441582,SL,1286,momentum_short,momentum negative momentum | range=11.72% | change=-6.44% | vol=4.13 | score=10 | confirmed | trigger=1.93108571 | invalidation=1.97042857
2026-05-04 01:18:50,MEGAUSDT,SHORT,FUT,0.11907235,0.114224,0.0,0.0,0.0,OPEN,0,momentum_short,momentum breakout down | range=10.16% | change=-7.34% | vol=1.94 | score=11 | confirmed | trigger=0.11896700 | invalidation=0.12103250
2026-05-04 01:31:10,DOGEUSDT,BUY,SPOT,0.11158462,0.11405142,0.0,0.0,0.0,OPEN,0,spot_breakout_long,4H up | breakout continuation up | EMA aligned long | RSI supports long | volume confirmed
2026-05-04 01:56:06,DOGEUSDT,,SPOT,0.11158462,0.11405142,0.11287483,0.11465869,0.11465869,TIMEOUT,0,spot_breakout_long,4H up | breakout continuation up | EMA aligned long | RSI supports long | volume confirmed
2026-05-04 02:05:09,MEGAUSDT,SHORT,FUT,0.11907235,0.114224,0.12134852,-0.3821642,-0.4063839,SL,2778,momentum_short,momentum breakout down | range=10.16% | change=-7.34% | vol=1.94 | score=11 | confirmed | trigger=0.11896700 | invalidation=0.12103250
2026-05-04 02:05:10,ZECUSDT,LONG,FUT,418.747432,438.54342858,0.0,0.0,0.0,OPEN,0,momentum_long,momentum positive momentum | range=11.93% | change=9.29% | vol=5.00 | score=10 | confirmed | trigger=419.20385714 | invalidation=410.78178571
2026-05-04 02:09:11,ETHUSDT,BUY,SPOT,2359.39338,2408.625,0.0,0.0,0.0,OPEN,0,spot_retest_long,4H up | retest long ready | breakout continuation up | EMA aligned long | RSI supports long | volume confirmed
2026-05-04 02:41:05,ETHUSDT,,SPOT,2359.39338,2408.625,2382.906456,0.0955074,0.0955074,TIMEOUT,0,spot_retest_long,4H up | retest long ready | breakout continuation up | EMA aligned long | RSI supports long | volume confirmed
2026-05-04 02:57:53,DOGEUSDT,BUY,SPOT,0.11339534,0.11665429,0.0,0.0,0.0,OPEN,0,spot_retest_long,4H strong_up | retest long ready | breakout continuation up | EMA aligned long | RSI supports long | volume confirmed
2026-05-04 03:07:07,HYPEUSDT,BUY,SPOT,42.086828,42.95735713,0.0,0.0,0.0,OPEN,0,spot_retest_long,4H up | retest long ready | breakout continuation up | EMA aligned long | RSI supports long | volume confirmed
2026-05-04 03:08:11,ZECUSDT,LONG,FUT,418.747432,438.54342858,422.241036,0.16692647,0.14281671,TIMEOUT,3781,momentum_long,momentum positive momentum | range=11.93% | change=9.29% | vol=5.00 | score=10 | confirmed | trigger=419.20385714 | invalidation=410.78178571
2026-05-04 03:08:13,ETHUSDT,LONG,FUT,2379.791536,2438.232,0.0,0.0,0.0,OPEN,0,retest_long,4H strong_up | retest long ready | breakout continuation up | EMA aligned long | RSI supports long | volume confirmed
2026-05-04 03:21:14,ETHUSDT,BUY,SPOT,2390.925988,2447.03214287,0.0,0.0,0.0,OPEN,0,spot_retest_long,4H strong_up | retest long ready | breakout continuation up | EMA aligned long | RSI supports long | volume confirmed
2026-05-04 04:46:20,HYPEUSDT,,SPOT,42.086828,42.95735713,42.512988,0.09742625,0.09742625,TIMEOUT,0,spot_retest_long,4H up | retest long ready | breakout continuation up | EMA aligned long | RSI supports long | volume confirmed
2026-05-04 06:26:48,DOGEUSDT,,SPOT,0.11339534,0.11665429,0.11111554,-0.26512376,-0.26512376,SL,0,spot_retest_long,4H strong_up | retest long ready | breakout continuation up | EMA aligned long | RSI supports long | volume confirmed
2026-05-04 06:27:06,ETHUSDT,,SPOT,2390.925988,2447.03214287,2351.549004,-0.22152293,-0.22152293,SL,0,spot_retest_long,4H strong_up | retest long ready | breakout continuation up | EMA aligned long | RSI supports long | volume confirmed
2026-05-04 10:03:13,ETHUSDT,LONG,FUT,2379.791536,2438.232,2351.698944,-0.23618732,-0.26005521,SL,24900,retest_long,4H strong_up | retest long ready | breakout continuation up | EMA aligned long | RSI supports long | volume confirmed
2026-05-04 10:03:18,ORDIUSDT,SHORT,FUT,5.1589356,4.8506,0.0,0.0,0.0,OPEN,0,momentum_short,momentum breakout down | range=10.91% | change=5.99% | vol=2.32 | score=11 | confirmed | trigger=5.15130000 | invalidation=5.28225000
2026-05-04 10:23:08,ORDIUSDT,SHORT,FUT,5.1589356,4.8506,5.147058,0.04602829,0.02206551,SL,1189,momentum_short,momentum breakout down | range=10.91% | change=5.99% | vol=2.32 | score=11 | confirmed | trigger=5.15130000 | invalidation=5.28225000
2026-05-04 10:23:12,ZECUSDT,SHORT,FUT,406.207452,390.07057142,0.0,0.0,0.0,OPEN,0,momentum_short,momentum breakout down | range=10.17% | change=5.43% | vol=5.00 | score=11 | confirmed | trigger=405.86064286 | invalidation=412.73696429
2026-05-04 10:31:23,ZECUSDT,SHORT,FUT,406.207452,390.07057142,406.56256,-0.01747708,-0.04147796,SL,491,momentum_short,momentum breakout down | range=10.17% | change=5.43% | vol=5.00 | score=11 | confirmed | trigger=405.86064286 | invalidation=412.73696429
2026-05-04 10:31:26,CLUSDT,LONG,FUT,106.9697708,110.36928573,0.0,0.0,0.0,OPEN,0,momentum_long,momentum breakout up | range=8.17% | change=5.15% | vol=5.00 | score=10 | confirmed | trigger=107.11078571 | invalidation=105.68267857 | macro override score>=10
2026-05-04 10:32:08,CLUSDT,LONG,FUT,106.9697708,110.36928573,105.2348892,-0.32449832,-0.34831322,SL,42,momentum_long,momentum breakout up | range=8.17% | change=5.15% | vol=5.00 | score=10 | confirmed | trigger=107.11078571 | invalidation=105.68267857 | macro override score>=10
2026-05-04 10:32:11,ORCAUSDT,SHORT,FUT,1.914234,1.83157142,0.0,0.0,0.0,OPEN,0,momentum_short,momentum negative momentum | range=12.73% | change=-6.90% | vol=3.23 | score=10 | confirmed | trigger=1.91239286 | invalidation=1.94758929
2026-05-04 11:36:57,ORCAUSDT,SHORT,FUT,1.914234,1.83157142,1.8977588,0.17206475,0.14817759,TIMEOUT,3886,momentum_short,momentum negative momentum | range=12.73% | change=-6.90% | vol=3.23 | score=10 | confirmed | trigger=1.91239286 | invalidation=1.94758929
2026-05-04 11:37:01,WLFIUSDT,LONG,FUT,0.06082432,0.06306285,0.0,0.0,0.0,OPEN,0,momentum_long,momentum positive momentum | range=7.57% | change=6.48% | vol=1.61 | score=9 | confirmed | trigger=0.06087071 | invalidation=0.05991607
2026-05-04 13:29:05,WLFIUSDT,LONG,FUT,0.06082432,0.06306285,0.05977608,-0.34481579,-0.3686185,SL,6724,momentum_long,momentum positive momentum | range=7.57% | change=6.48% | vol=1.61 | score=9 | confirmed | trigger=0.06087071 | invalidation=0.05991607
2026-05-04 13:29:07,ZENUSDT,LONG,FUT,7.3499388,7.92071427,0.0,0.0,0.0,OPEN,0,momentum_long,momentum positive momentum | range=13.37% | change=9.56% | vol=1.52 | score=9 | confirmed | trigger=7.36492857 | invalidation=7.12289286
2026-05-04 15:08:43,DOGEUSDT,BUY,SPOT,0.11139454,0.11448071,0.0,0.0,0.0,OPEN,0,spot_pullback_long,4H strong_up | pullback long ready | EMA aligned long | RSI supports long | volume confirmed
2026-05-04 16:27:05,ETHUSDT,BUY,SPOT,2355.681896,2418.02714287,0.0,0.0,0.0,OPEN,0,spot_pullback_long,4H up | pullback long ready | EMA aligned long | RSI supports long | volume confirmed
2026-05-04 17:04:20,WLFIUSDT,LONG,FUT,0.06442576,0.06814858,0.0,0.0,0.0,OPEN,0,momentum_long,momentum breakout up | range=10.87% | change=7.69% | vol=1.43 | score=10 | confirmed | trigger=0.06451714 | invalidation=0.06293571
2026-05-04 17:38:13,TONUSDT,LONG,FUT,1.45047996,1.52489427,0.0,0.0,0.0,OPEN,0,momentum_long,momentum positive momentum | range=7.75% | change=7.47% | vol=1.49 | score=8 | confirmed | trigger=1.45224357 | invalidation=1.42060536
2026-05-04 17:52:25,BTCUSDT,BUY,SPOT,80629.879056,82296.84,0.0,0.0,0.0,OPEN,0,spot_retest_long,4H strong_up | retest long ready | breakout continuation up | EMA aligned long | RSI supports long | volume confirmed
2026-05-04 17:56:46,PENDLEUSDT,LONG,FUT,1.87635024,2.07141715,0.0,0.0,0.0,OPEN,0,momentum_long,momentum breakout up | range=16.15% | change=18.73% | vol=1.72 | score=11 | confirmed | trigger=1.88171929 | invalidation=1.79910892
2026-05-04 18:08:53,WLFIUSDT,LONG,FUT,0.06642656,0.07046858,0.0,0.0,0.0,OPEN,0,momentum_long,momentum breakout up | range=13.94% | change=12.44% | vol=1.43 | score=10 | confirmed | trigger=0.06652714 | invalidation=0.06481071
2026-05-04 18:18:48,CLUSDT,LONG,FUT,105.7842968,110.51045715,0.0,0.0,0.0,OPEN,0,momentum_long,momentum positive momentum | range=8.50% | change=3.75% | vol=5.00 | score=8 | confirmed | trigger=105.89101429 | invalidation=103.87932143
2026-05-04 18:51:44,ONDOUSDT,BUY,SPOT,0.32002796,0.33745,0.0,0.0,0.0,OPEN,0,spot_retest_long,4H strong_up | retest long ready | breakout continuation up | EMA aligned long | RSI supports long | volume confirmed
2026-05-04 19:47:08,ONDOUSDT,,SPOT,0.32002796,0.33745,0.32327064,0.09750727,0.09750727,TIMEOUT,0,spot_retest_long,4H strong_up | retest long ready | breakout continuation up | EMA aligned long | RSI supports long | volume confirmed
2026-05-04 21:22:52,HYPEUSDT,BUY,SPOT,41.786708,42.70407142,0.0,0.0,0.0,OPEN,0,spot_retest_long,retest long ready | breakout continuation up | EMA aligned long | RSI supports long
2026-05-04 21:49:43,HYPEUSDT,,SPOT,41.786708,42.70407142,42.213108,0.0983673,0.0983673,TIMEOUT,0,spot_retest_long,retest long ready | breakout continuation up | EMA aligned long | RSI supports long
2026-05-04 22:19:43,HYPEUSDT,BUY,SPOT,42.36694,43.26885713,0.0,0.0,0.0,OPEN,0,spot_breakout_long,4H up | breakout continuation up | EMA aligned long | RSI supports long | volume confirmed
2026-05-05 00:59:24,TONUSDT,BUY,SPOT,1.770708,1.9173,0.0,0.0,0.0,OPEN,0,spot_breakout_long,4H strong_up | breakout continuation up | EMA aligned long | RSI supports long | volume confirmed
2026-05-05 01:14:25,TONUSDT,,SPOT,1.770708,1.9173,1.8102756,0.24397706,0.24397706,TIMEOUT,0,spot_breakout_long,4H strong_up | breakout continuation up | EMA aligned long | RSI supports long | volume confirmed
2026-05-05 04:05:42,ONDOUSDT,BUY,SPOT,0.32643052,0.34074287,0.0,0.0,0.0,OPEN,0,spot_retest_long,4H strong_up | retest long ready | breakout continuation up | EMA aligned long | RSI supports long | volume confirmed
2026-05-05 05:38:45,HYPEUSDT,,SPOT,42.36694,43.26885713,42.7958748,0.09740883,0.09740883,TIMEOUT,0,spot_breakout_long,4H up | breakout continuation up | EMA aligned long | RSI supports long | volume confirmed
2026-05-05 05:46:05,ONDOUSDT,,SPOT,0.32643052,0.34074287,0.31667328,-0.38248276,-0.38248276,SL,0,spot_retest_long,4H strong_up | retest long ready | breakout continuation up | EMA aligned long | RSI supports long | volume confirmed
2026-05-05 07:36:50,CLUSDT,LONG,FUT,105.7842968,110.51045715,103.598544,-0.41341242,-0.43717397,SL,47881,momentum_long,momentum positive momentum | range=8.50% | change=3.75% | vol=5.00 | score=8 | confirmed | trigger=105.89101429 | invalidation=103.87932143
2026-05-05 07:36:52,DASHUSDT,SHORT,FUT,45.611748,43.15,0.0,0.0,0.0,OPEN,0,momentum_short,momentum negative momentum | range=13.59% | change=-5.13% | vol=3.31 | score=10 | confirmed | trigger=45.55250000 | invalidation=46.59875000
2026-05-05 08:37:44,DASHUSDT,SHORT,FUT,45.611748,43.15,45.21808,0.17254789,0.14866101,TIMEOUT,3651,momentum_short,momentum negative momentum | range=13.59% | change=-5.13% | vol=3.31 | score=10 | confirmed | trigger=45.55250000 | invalidation=46.59875000
2026-05-05 08:37:46,FARTCOINUSDT,LONG,FUT,0.21388552,0.21921715,0.0,0.0,0.0,OPEN,0,retest_long,4H strong_up | retest long ready | breakout continuation up | EMA aligned long | RSI supports long | volume confirmed
2026-05-05 10:49:42,HYPEUSDT,BUY,SPOT,43.357336,44.26464287,0.0,0.0,0.0,OPEN,0,spot_retest_long,4H strong_up | retest long ready | breakout continuation up | EMA aligned long | RSI supports long | volume confirmed
2026-05-05 11:27:16,HYPEUSDT,,SPOT,43.357336,44.26464287,43.802472,0.09911662,0.09911662,TIMEOUT,0,spot_retest_long,4H strong_up | retest long ready | breakout continuation up | EMA aligned long | RSI supports long | volume confirmed
2026-05-05 11:52:11,FARTCOINUSDT,LONG,FUT,0.21388552,0.21921715,0.21581364,0.1803667,0.15624888,TIMEOUT,11665,retest_long,4H strong_up | retest long ready | breakout continuation up | EMA aligned long | RSI supports long | volume confirmed
2026-05-05 11:52:16,PENGUUSDT,LONG,FUT,0.01115246,0.01167213,0.0,0.0,0.0,OPEN,0,momentum_long,momentum breakout up | range=11.96% | change=12.04% | vol=3.63 | score=11 | confirmed | trigger=0.01116438 | invalidation=0.01094326
2026-05-05 11:58:14,HYPEUSDT,BUY,SPOT,43.86754,44.89228571,0.0,0.0,0.0,OPEN,0,spot_retest_long,4H strong_up | retest long ready | breakout continuation up | EMA aligned long | RSI supports long | volume confirmed
2026-05-05 12:52:16,PENGUUSDT,LONG,FUT,0.01115246,0.01167213,0.01134346,0.3426638,0.3184486,TIMEOUT,3600,momentum_long,momentum breakout up | range=11.96% | change=12.04% | vol=3.63 | score=11 | confirmed | trigger=0.01116438 | invalidation=0.01094326
2026-05-05 12:52:19,BIOUSDT,SHORT,FUT,0.05331866,0.05057658,0.0,0.0,0.0,OPEN,0,momentum_short,momentum negative momentum | range=13.30% | change=-6.39% | vol=3.51 | score=10 | confirmed | trigger=0.05325364 | invalidation=0.05441946
2026-05-05 13:52:19,BIOUSDT,SHORT,FUT,0.05331866,0.05057658,0.05272108,0.22406449,0.20020853,TIMEOUT,3600,momentum_short,momentum negative momentum | range=13.30% | change=-6.39% | vol=3.51 | score=10 | confirmed | trigger=0.05325364 | invalidation=0.05441946
2026-05-05 13:52:22,PENGUUSDT,LONG,FUT,0.01180672,0.01246507,0.0,0.0,0.0,OPEN,0,momentum_long,momentum breakout up | range=16.71% | change=18.28% | vol=4.26 | score=11 | confirmed | trigger=0.01182272 | invalidation=0.01154299
2026-05-05 14:14:47,PENGUUSDT,LONG,FUT,0.01180672,0.01246507,0.0114984,-0.52248975,-0.54618585,SL,1345,momentum_long,momentum breakout up | range=16.71% | change=18.28% | vol=4.26 | score=11 | confirmed | trigger=0.01182272 | invalidation=0.01154299
2026-05-05 14:14:48,ENAUSDT,LONG,FUT,0.10964384,0.11433142,0.0,0.0,0.0,OPEN,0,momentum_long,momentum positive momentum | range=9.85% | change=5.99% | vol=2.26 | score=10 | confirmed | trigger=0.10974786 | invalidation=0.10775179
2026-05-05 14:39:08,ENAUSDT,LONG,FUT,0.10964384,0.11433142,0.107457,-0.39905839,-0.42282856,SL,1460,momentum_long,momentum positive momentum | range=9.85% | change=5.99% | vol=2.26 | score=10 | confirmed | trigger=0.10974786 | invalidation=0.10775179
2026-05-05 14:39:09,PLTRUSDT,SHORT,FUT,137.175108,131.198,0.0,0.0,0.0,OPEN,0,momentum_short,momentum breakout down | range=9.55% | change=-7.16% | vol=2.90 | score=11 | confirmed | trigger=137.04150000 | invalidation=139.58625000
2026-05-05 16:09:46,PLTRUSDT,SHORT,FUT,137.175108,131.198,136.014384,0.16916476,0.14527586,TIMEOUT,5437,momentum_short,momentum breakout down | range=9.55% | change=-7.16% | vol=2.90 | score=11 | confirmed | trigger=137.04150000 | invalidation=139.58625000
2026-05-05 16:09:49,ENAUSDT,LONG,FUT,0.1095438,0.11452858,0.0,0.0,0.0,OPEN,0,momentum_long,momentum positive momentum | range=10.13% | change=8.19% | vol=2.14 | score=10 | confirmed | trigger=0.10965714 | invalidation=0.10753571
2026-05-05 16:19:26,VIRTUALUSDT,LONG,FUT,0.81912752,0.85155427,0.0,0.0,0.0,OPEN,0,momentum_long,momentum breakout up | range=10.49% | change=10.00% | vol=1.39 | score=10 | confirmed | trigger=0.81982357 | invalidation=0.80600536
2026-05-05 16:24:18,HYPEUSDT,BUY,SPOT,44.247692,45.26971429,0.0,0.0,0.0,OPEN,0,spot_retest_long,4H strong_up | retest long ready | breakout continuation up | EMA aligned long | RSI supports long | volume confirmed
2026-05-05 16:30:29,VIRTUALUSDT,LONG,FUT,0.81912752,0.85155427,0.80387832,-0.3724768,-0.39626291,SL,663,momentum_long,momentum breakout up | range=10.49% | change=10.00% | vol=1.39 | score=10 | confirmed | trigger=0.81982357 | invalidation=0.80600536
2026-05-05 16:30:30,PENDLEUSDT,LONG,FUT,1.98519376,2.10232,0.0,0.0,0.0,OPEN,0,momentum_long,momentum breakout up | range=9.47% | change=9.58% | vol=1.69 | score=11 | confirmed | trigger=1.98808500 | invalidation=1.93833750
2026-05-05 17:25:34,PENDLEUSDT,LONG,FUT,1.98519376,2.10232,1.9287282,-0.56909454,-0.59276268,SL,3303,momentum_long,momentum breakout up | range=9.47% | change=9.58% | vol=1.69 | score=11 | confirmed | trigger=1.98808500 | invalidation=1.93833750
2026-05-05 17:25:36,MUUSDT,LONG,FUT,644.877848,677.28285715,0.0,0.0,0.0,OPEN,0,momentum_long,momentum positive momentum | range=12.22% | change=10.51% | vol=1.73 | score=10 | confirmed | trigger=645.64071429 | invalidation=631.86107142
2026-05-05 17:44:25,ENAUSDT,LONG,FUT,0.110044,0.11532573,0.0,0.0,0.0,OPEN,0,momentum_long,momentum positive momentum | range=11.01% | change=6.91% | vol=2.37 | score=10 | confirmed | trigger=0.11016643 | invalidation=0.10791964
2026-05-05 18:01:11,BIOUSDT,SHORT,FUT,0.05327868,0.05079942,0.0,0.0,0.0,OPEN,0,momentum_short,momentum negative momentum | range=12.69% | change=-7.32% | vol=3.15 | score=10 | confirmed | trigger=0.05322186 | invalidation=0.05427679
2026-05-05 18:09:34,HYPEUSDT,BUY,SPOT,44.457776,45.37428571,0.0,0.0,0.0,OPEN,0,spot_retest_long,4H strong_up | retest long ready | breakout continuation up | EMA aligned long | RSI supports long | volume confirmed
2026-05-05 18:21:10,VIRTUALUSDT,LONG,FUT,0.80492184,0.84679427,0.0,0.0,0.0,OPEN,0,momentum_long,momentum positive momentum | range=11.09% | change=7.43% | vol=1.63 | score=10 | confirmed | trigger=0.80591857 | invalidation=0.78811786
2026-05-05 18:38:51,ZECUSDT,LONG,FUT,432.713016,447.02,0.0,0.0,0.0,OPEN,0,momentum_long,momentum positive momentum | range=6.15% | change=4.83% | vol=5.00 | score=8 | confirmed | trigger=432.99250000 | invalidation=426.88375000
2026-05-05 18:49:11,ENAUSDT,LONG,FUT,0.11274508,0.11814,0.0,0.0,0.0,OPEN,0,momentum_long,momentum breakout up | range=11.81% | change=9.21% | vol=2.45 | score=11 | confirmed | trigger=0.11287000 | invalidation=0.11057500
2026-05-05 19:09:32,ORCAUSDT,SHORT,FUT,1.6613352,1.59205715,0.0,0.0,0.0,OPEN,0,momentum_short,momentum negative momentum | range=14.76% | change=-11.81% | vol=1.49 | score=9 | confirmed | trigger=1.65981429 | invalidation=1.68932142
2026-05-05 19:19:23,ORCAUSDT,SHORT,FUT,1.6613352,1.59205715,1.6626648,-0.008,-0.02,BU,591,momentum_short,momentum negative momentum | range=14.76% | change=-11.81% | vol=1.49 | score=9 | confirmed | trigger=1.65981429 | invalidation=1.68932142
2026-05-05 19:19:26,FARTCOINUSDT,LONG,FUT,0.22689072,0.23758858,0.0,0.0,0.0,OPEN,0,momentum_long,momentum positive momentum | range=11.23% | change=7.82% | vol=1.53 | score=9 | confirmed | trigger=0.22713714 | invalidation=0.22258571
2026-05-05 19:59:06,FARTCOINUSDT,LONG,FUT,0.22689072,0.23758858,0.22530984,-0.13940741,-0.16333336,SL,2379,momentum_long,momentum positive momentum | range=11.23% | change=7.82% | vol=1.53 | score=9 | confirmed | trigger=0.22713714 | invalidation=0.22258571
2026-05-05 19:59:10,ZECUSDT,LONG,FUT,448.22922,466.55057142,0.0,0.0,0.0,OPEN,0,momentum_long,momentum breakout up | range=9.34% | change=9.01% | vol=5.00 | score=11 | confirmed | trigger=448.62814286 | invalidation=440.82321429
2026-05-05 20:22:40,ZECUSDT,LONG,FUT,448.22922,466.55057142,468.722436,0.45738686,0.44510763,TP2,1409,momentum_long,momentum breakout up | range=9.34% | change=9.01% | vol=5.00 | score=11 | confirmed | trigger=448.62814286 | invalidation=440.82321429
2026-05-05 20:22:41,BIOUSDT,SHORT,FUT,0.05314873,0.05058027,0.0,0.0,0.0,OPEN,0,momentum_short,momentum negative momentum | range=12.69% | change=-8.58% | vol=3.12 | score=10 | confirmed | trigger=0.05308907 | invalidation=0.05418161
2026-05-05 20:39:04,TONUSDT,BUY,SPOT,1.940776,2.08642142,0.0,0.0,0.0,OPEN,0,spot_retest_long,4H strong_up | retest long ready | breakout continuation up | EMA aligned long | RSI supports long | volume confirmed
2026-05-05 20:54:05,TONUSDT,,SPOT,1.940776,2.08642142,1.9652136,0.12699965,0.12699965,TIMEOUT,0,spot_retest_long,4H strong_up | retest long ready | breakout continuation up | EMA aligned long | RSI supports long | volume confirmed
2026-05-05 21:06:53,HYPEUSDT,BUY,SPOT,44.5488124,45.46614287,0.0,0.0,0.0,OPEN,0,spot_retest_long,4H strong_up | retest long ready | breakout continuation up | EMA aligned long | RSI supports long | volume confirmed
2026-05-05 21:10:15,TONUSDT,BUY,SPOT,2.0213082,2.16407142,0.0,0.0,0.0,OPEN,0,spot_breakout_long,4H strong_up | breakout continuation up | EMA aligned long | RSI supports long | volume confirmed
2026-05-05 21:22:43,BIOUSDT,SHORT,FUT,0.05314873,0.05058027,0.05260103,0.20601768,0.18215089,TIMEOUT,3601,momentum_short,momentum negative momentum | range=12.69% | change=-8.58% | vol=3.12 | score=10 | confirmed | trigger=0.05308907 | invalidation=0.05418161
2026-05-05 21:22:46,TONUSDT,LONG,FUT,1.9787912,2.13763427,0.0,0.0,0.0,OPEN,0,momentum_long,momentum positive momentum | range=24.87% | change=29.63% | vol=5.00 | score=10 | confirmed | trigger=1.98298857 | invalidation=1.91564286
2026-05-05 21:51:45,DOGEUSDT,BUY,SPOT,0.11472587,0.11709287,0.0,0.0,0.0,OPEN,0,spot_retest_long,4H strong_up | retest long ready | breakout continuation up | EMA aligned long | RSI supports long | volume confirmed
2026-05-05 22:20:09,DOGEUSDT,,SPOT,0.11472587,0.11709287,0.11592361,0.10119559,0.10119559,TIMEOUT,0,spot_retest_long,4H strong_up | retest long ready | breakout continuation up | EMA aligned long | RSI supports long | volume confirmed
2026-05-05 22:21:50,DOGEUSDT,BUY,SPOT,0.11616645,0.11890358,0.0,0.0,0.0,OPEN,0,spot_breakout_long,4H strong_up | breakout continuation up | EMA aligned long | RSI supports long | volume confirmed
2026-05-05 22:28:22,TONUSDT,LONG,FUT,1.9787912,2.13763427,2.00309844,0.24577594,0.22161887,TIMEOUT,3936,momentum_long,momentum positive momentum | range=24.87% | change=29.63% | vol=5.00 | score=10 | confirmed | trigger=1.98298857 | invalidation=1.91564286
2026-05-05 22:28:24,MUUSDT,LONG,FUT,670.848232,700.14114285,0.0,0.0,0.0,OPEN,0,momentum_long,momentum breakout up | range=14.03% | change=15.69% | vol=1.90 | score=11 | confirmed | trigger=671.50378571 | invalidation=659.03267858
2026-05-05 23:04:31,MUUSDT,LONG,FUT,670.848232,700.14114285,673.170624,0.06926517,0.04521401,SL,2166,momentum_long,momentum breakout up | range=14.03% | change=15.69% | vol=1.90 | score=11 | confirmed | trigger=671.50378571 | invalidation=659.03267858
2026-05-05 23:04:31,BIOUSDT,SHORT,FUT,0.0509896,0.04886142,0.0,0.0,0.0,OPEN,0,momentum_short,momentum breakout down | range=11.84% | change=-7.71% | vol=3.04 | score=11 | confirmed | trigger=0.05094286 | invalidation=0.05184929
2026-05-05 23:15:01,HYPEUSDT,,SPOT,44.5488124,45.46614287,43.8744432,-0.20555365,-0.20555365,SL,0,spot_retest_long,4H strong_up | retest long ready | breakout continuation up | EMA aligned long | RSI supports long | volume confirmed
2026-05-06 00:05:38,BIOUSDT,SHORT,FUT,0.0509896,0.04886142,0.05056022,0.16835287,0.14446348,TIMEOUT,3667,momentum_short,momentum breakout down | range=11.84% | change=-7.71% | vol=3.04 | score=11 | confirmed | trigger=0.05094286 | invalidation=0.05184929
2026-05-06 00:05:40,BIOUSDT,SHORT,FUT,0.0504798,0.04847485,0.0,0.0,0.0,OPEN,0,momentum_short,momentum breakout down | range=11.84% | change=-8.40% | vol=2.92 | score=11 | confirmed | trigger=0.05043671 | invalidation=0.05129108
2026-05-06 00:06:55,DOGEUSDT,,SPOT,0.11616645,0.11890358,0.11424428,-0.22245023,-0.22245023,SL,0,spot_breakout_long,4H strong_up | breakout continuation up | EMA aligned long | RSI supports long | volume confirmed
2026-05-06 00:20:17,TONUSDT,,SPOT,2.0213082,2.16407142,1.92442992,-0.59880634,-0.59880634,SL,0,spot_breakout_long,4H strong_up | breakout continuation up | EMA aligned long | RSI supports long | volume confirmed
2026-05-06 01:01:52,TONUSDT,BUY,SPOT,2.035814,2.2054,0.0,0.0,0.0,OPEN,0,spot_retest_long,4H strong_up | retest long ready | breakout continuation up | EMA aligned long | RSI supports long | volume confirmed
2026-05-06 01:03:37,BIOUSDT,SHORT,FUT,0.0504798,0.04847485,0.05075029,-0.10712554,-0.13118022,SL,3477,momentum_short,momentum breakout down | range=11.84% | change=-8.40% | vol=2.92 | score=11 | confirmed | trigger=0.05043671 | invalidation=0.05129108
2026-05-06 01:03:42,TONUSDT,LONG,FUT,2.04201648,2.23258285,0.0,0.0,0.0,OPEN,0,momentum_long,momentum breakout up | range=18.52% | change=13.72% | vol=5.00 | score=11 | confirmed | trigger=2.04718071 | invalidation=1.96644107
2026-05-06 01:15:46,TONUSDT,,SPOT,2.035814,2.2054,2.04977976,0.05826142,0.05826142,FADE,0,spot_retest_long,4H strong_up | retest long ready | breakout continuation up | EMA aligned long | RSI supports long | volume confirmed
2026-05-06 01:25:06,TONUSDT,LONG,FUT,2.04201648,2.23258285,2.00199888,-0.39209877,-0.41587311,SL,1283,momentum_long,momentum breakout up | range=18.52% | change=13.72% | vol=5.00 | score=11 | confirmed | trigger=2.04718071 | invalidation=1.96644107
2026-05-06 01:25:08,ICPUSDT,LONG,FUT,2.716086,2.92345715,0.0,0.0,0.0,OPEN,0,momentum_long,momentum positive momentum | range=15.90% | change=15.08% | vol=1.73 | score=10 | confirmed | trigger=2.72151429 | invalidation=2.63357142
2026-05-06 02:07:53,ICPUSDT,LONG,FUT,2.716086,2.92345715,2.7399036,0.17545193,0.15133706,FADE,2565,momentum_long,momentum positive momentum | range=15.90% | change=15.08% | vol=1.73 | score=10 | confirmed | trigger=2.72151429 | invalidation=2.63357142
2026-05-06 02:07:58,WLDUSDT,LONG,FUT,0.24889952,0.25597715,0.0,0.0,0.0,OPEN,0,retest_long,4H strong_up | retest long ready | breakout continuation up | EMA aligned long | RSI supports long | volume confirmed
2026-05-06 03:31:34,WLDUSDT,LONG,FUT,0.24889952,0.25597715,0.25109952,0.17684887,0.15273317,TIMEOUT,5015,retest_long,4H strong_up | retest long ready | breakout continuation up | EMA aligned long | RSI supports long | volume confirmed
2026-05-06 03:31:38,WLDUSDT,LONG,FUT,0.25130048,0.25844573,0.0,0.0,0.0,OPEN,0,retest_long,4H strong_up | retest long ready | breakout continuation up | EMA aligned long | RSI supports long | volume confirmed
2026-05-06 04:06:59,TONUSDT,BUY,SPOT,2.0948376,2.26255713,0.0,0.0,0.0,OPEN,0,spot_retest_long,4H strong_up | retest long ready | breakout continuation up | EMA aligned long | RSI supports long | volume confirmed
2026-05-06 04:12:08,TONUSDT,,SPOT,2.0948376,2.26255713,2.10985572,0.06196806,0.06196806,FADE,0,spot_retest_long,4H strong_up | retest long ready | breakout continuation up | EMA aligned long | RSI supports long | volume confirmed
2026-05-06 04:41:56,TONUSDT,BUY,SPOT,2.1888752,2.37295,0.0,0.0,0.0,OPEN,0,spot_retest_long,4H strong_up | retest long ready | breakout continuation up | EMA aligned long | RSI supports long | volume confirmed
2026-05-06 05:31:34,TONUSDT,,SPOT,2.1888752,2.37295,2.2121148,0.10331962,0.10331962,TIMEOUT,0,spot_retest_long,4H strong_up | retest long ready | breakout continuation up | EMA aligned long | RSI supports long | volume confirmed
2026-05-06 05:31:35,TONUSDT,BUY,SPOT,2.2128848,2.39937142,0.0,0.0,0.0,OPEN,0,spot_retest_long,4H strong_up | retest long ready | breakout continuation up | EMA aligned long | RSI supports long | volume confirmed
2026-05-06 05:51:08,TONUSDT,,SPOT,2.2128848,2.39937142,2.0856654,-0.71347893,-0.71347893,SL,0,spot_retest_long,4H strong_up | retest long ready | breakout continuation up | EMA aligned long | RSI supports long | volume confirmed
2026-05-06 07:20:36,WLDUSDT,LONG,FUT,0.25130048,0.25844573,0.25359852,0.18296497,0.15884559,TIMEOUT,13738,retest_long,4H strong_up | retest long ready | breakout continuation up | EMA aligned long | RSI supports long | volume confirmed
2026-05-06 07:20:41,BSBUSDT,SHORT,FUT,0.52237097,0.47170685,0.0,0.0,0.0,OPEN,0,momentum_short,momentum breakout down | range=22.43% | change=-10.71% | vol=4.30 | score=11 | confirmed | trigger=0.52099021 | invalidation=0.54245233
2026-05-06 07:26:43,BSBUSDT,SHORT,FUT,0.52237097,0.47170685,0.545208,-0.87401072,-0.89852552,SL,362,momentum_short,momentum breakout down | range=22.43% | change=-10.71% | vol=4.30 | score=11 | confirmed | trigger=0.52099021 | invalidation=0.54245233
2026-05-06 07:26:44,BCHUSDT,LONG,FUT,474.569752,490.73657142,0.0,0.0,0.0,OPEN,0,momentum_long,momentum positive momentum | range=9.13% | change=6.49% | vol=3.29 | score=10 | confirmed | trigger=474.89114286 | invalidation=467.99071429
2026-05-06 08:30:39,TONUSDT,BUY,SPOT,2.2298916,2.42845713,0.0,0.0,0.0,OPEN,0,spot_retest_long,4H strong_up | retest long ready | breakout continuation up | EMA aligned long | RSI supports long | volume confirmed
2026-05-06 08:34:06,DOGEUSDT,BUY,SPOT,0.11656661,0.11902287,0.0,0.0,0.0,OPEN,0,spot_retest_long,4H strong_up | retest long ready | breakout continuation up | EMA aligned long | RSI supports long | volume confirmed
2026-05-06 08:45:40,TONUSDT,,SPOT,2.2298916,2.42845713,2.2560972,0.11692927,0.11692927,TIMEOUT,0,spot_retest_long,4H strong_up | retest long ready | breakout continuation up | EMA aligned long | RSI supports long | volume confirmed
2026-05-06 09:41:08,ADAUSDT,BUY,SPOT,0.27290912,0.27875713,0.0,0.0,0.0,OPEN,0,spot_retest_long,4H strong_up | retest long ready | breakout continuation up | EMA aligned long | RSI supports long | volume confirmed
2026-05-06 10:54:14,TAOUSDT,BUY,SPOT,305.02196,316.46285713,0.0,0.0,0.0,OPEN,0,spot_retest_long,4H strong_up | retest long ready | breakout continuation up | EMA aligned long | RSI supports long | volume confirmed
2026-05-06 11:23:44,TAOUSDT,,SPOT,305.02196,316.46285713,308.086716,0.0964899,0.0964899,TIMEOUT,0,spot_retest_long,4H strong_up | retest long ready | breakout continuation up | EMA aligned long | RSI supports long | volume confirmed
2026-05-06 11:24:18,TAOUSDT,BUY,SPOT,308.133204,320.80928571,0.0,0.0,0.0,OPEN,0,spot_breakout_long,4H strong_up | breakout continuation up | EMA aligned long | RSI supports long | volume confirmed
2026-05-06 11:56:48,TAOUSDT,,SPOT,308.133204,320.80928571,311.665284,0.11346182,0.11346182,TIMEOUT,0,spot_breakout_long,4H strong_up | breakout continuation up | EMA aligned long | RSI supports long | volume confirmed
2026-05-06 11:56:49,TAOUSDT,BUY,SPOT,312.1248,325.47857142,0.0,0.0,0.0,OPEN,0,spot_breakout_long,4H strong_up | breakout continuation up | EMA aligned long | RSI supports long | volume confirmed
2026-05-06 12:21:09,TAOUSDT,,SPOT,312.1248,325.47857142,315.313824,0.09852252,0.09852252,TIMEOUT,0,spot_breakout_long,4H strong_up | breakout continuation up | EMA aligned long | RSI supports long | volume confirmed
2026-05-06 12:26:53,TAOUSDT,BUY,SPOT,314.72584,328.88,0.0,0.0,0.0,OPEN,0,spot_retest_long,4H strong_up | retest long ready | breakout continuation up | EMA aligned long | RSI supports long | volume confirmed
2026-05-06 13:07:22,TAOUSDT,,SPOT,314.72584,328.88,304.718064,-0.40536117,-0.40536117,SL,0,spot_retest_long,4H strong_up | retest long ready | breakout continuation up | EMA aligned long | RSI supports long | volume confirmed
2026-05-06 13:07:49,DOGEUSDT,,SPOT,0.11656661,0.11902287,0.11482405,-0.20329028,-0.20329028,SL,0,spot_retest_long,4H strong_up | retest long ready | breakout continuation up | EMA aligned long | RSI supports long | volume confirmed
2026-05-06 13:08:01,ADAUSDT,,SPOT,0.27290912,0.27875713,0.26869248,-0.20930682,-0.20930682,SL,0,spot_retest_long,4H strong_up | retest long ready | breakout continuation up | EMA aligned long | RSI supports long | volume confirmed
2026-05-06 13:47:21,BCHUSDT,LONG,FUT,474.569752,490.73657142,466.953144,-0.32111843,-0.34493536,SL,22837,momentum_long,momentum positive momentum | range=9.13% | change=6.49% | vol=3.29 | score=10 | confirmed | trigger=474.89114286 | invalidation=467.99071429
2026-05-06 13:47:22,FILUSDT,SHORT,FUT,1.05867636,0.98678,0.0,0.0,0.0,OPEN,0,momentum_short,momentum breakout down | range=20.58% | change=12.39% | vol=5.00 | score=11 | confirmed | trigger=1.05684000 | invalidation=1.08735000
2026-05-06 15:17:36,TAOUSDT,BUY,SPOT,317.52696,335.53714287,0.0,0.0,0.0,OPEN,0,spot_retest_long,4H strong_up | retest long ready | breakout continuation up | EMA aligned long | RSI supports long | volume confirmed
2026-05-06 15:45:26,TAOUSDT,,SPOT,317.52696,335.53714287,321.3714,0.12119249,0.12119249,TIMEOUT,0,spot_retest_long,4H strong_up | retest long ready | breakout continuation up | EMA aligned long | RSI supports long | volume confirmed
2026-05-06 15:46:55,FILUSDT,SHORT,FUT,1.05867636,0.98678,1.07072812,-0.22758493,-0.25171188,SL,7172,momentum_short,momentum breakout down | range=20.58% | change=12.39% | vol=5.00 | score=11 | confirmed | trigger=1.05684000 | invalidation=1.08735000
2026-05-06 15:46:55,ICPUSDT,LONG,FUT,2.9241692,3.12482858,0.0,0.0,0.0,OPEN,0,momentum_long,momentum breakout up | range=15.46% | change=15.99% | vol=2.37 | score=11 | confirmed | trigger=2.92930714 | invalidation=2.84416071
2026-05-06 16:22:02,ICPUSDT,LONG,FUT,2.9241692,3.12482858,2.9258292,0.01135819,-0.01265822,SL,2106,momentum_long,momentum breakout up | range=15.46% | change=15.99% | vol=2.37 | score=11 | confirmed | trigger=2.92930714 | invalidation=2.84416071
2026-05-06 16:22:02,ARUSDT,LONG,FUT,2.6130448,2.80377142,0.0,0.0,0.0,OPEN,0,retest_long,4H strong_up | retest long ready | breakout continuation up | EMA aligned long | RSI supports long | volume confirmed
2026-05-06 16:37:10,ARUSDT,LONG,FUT,2.6130448,2.80377142,2.5259892,-0.66658193,-0.69019158,SL,907,retest_long,4H strong_up | retest long ready | breakout continuation up | EMA aligned long | RSI supports long | volume confirmed
2026-05-06 16:37:15,XPLUSDT,LONG,FUT,0.10004,0.10530285,0.0,0.0,0.0,OPEN,0,momentum_long,momentum positive momentum | range=10.17% | change=6.89% | vol=1.98 | score=10 | confirmed | trigger=0.10016571 | invalidation=0.09792858
2026-05-06 17:07:33,XPLUSDT,LONG,FUT,0.10004,0.10530285,0.09966012,-0.075976,-0.09994001,SL,1818,momentum_long,momentum positive momentum | range=10.17% | change=6.89% | vol=1.98 | score=10 | confirmed | trigger=0.10016571 | invalidation=0.09792858
2026-05-06 17:07:35,STXUSDT,LONG,FUT,0.24689872,0.25333715,0.0,0.0,0.0,OPEN,0,momentum_long,momentum positive momentum | range=24.96% | change=7.58% | vol=1.84 | score=10 | confirmed | trigger=0.24700429 | invalidation=0.24424642
2026-05-06 17:30:17,STXUSDT,LONG,FUT,0.24689872,0.25333715,0.25419828,0.29576823,0.28358597,TP2,1362,momentum_long,momentum positive momentum | range=24.96% | change=7.58% | vol=1.84 | score=10 | confirmed | trigger=0.24700429 | invalidation=0.24424642
2026-05-06 17:30:22,ICPUSDT,LONG,FUT,2.9521804,3.17934285,0.0,0.0,0.0,OPEN,0,momentum_long,momentum positive momentum | range=18.05% | change=17.79% | vol=2.56 | score=10 | confirmed | trigger=2.95813571 | invalidation=2.86180358
2026-05-06 18:11:15,CLUSDT,SHORT,FUT,94.3942272,89.51908573,0.0,0.0,0.0,OPEN,0,momentum_short,momentum negative momentum | range=14.79% | change=-7.45% | vol=5.00 | score=10 | confirmed | trigger=94.27847143 | invalidation=96.35110714
2026-05-06 18:26:31,BIOUSDT,SHORT,FUT,0.04783086,0.04561227,0.0,0.0,0.0,OPEN,0,momentum_short,momentum negative momentum | range=12.57% | change=-9.89% | vol=2.07 | score=10 | confirmed | trigger=0.04778007 | invalidation=0.04872411
2026-05-06 19:26:33,BIOUSDT,SHORT,FUT,0.04783086,0.04561227,0.04722888,0.25160961,0.22777018,TIMEOUT,3601,momentum_short,momentum negative momentum | range=12.57% | change=-9.89% | vol=2.07 | score=10 | confirmed | trigger=0.04778007 | invalidation=0.04872411
2026-05-06 19:26:35,BIOUSDT,SHORT,FUT,0.04719112,0.04504315,0.0,0.0,0.0,OPEN,0,momentum_short,momentum breakout down | range=14.02% | change=-12.60% | vol=2.04 | score=11 | confirmed | trigger=0.04714229 | invalidation=0.04805642
2026-05-06 21:03:41,BIOUSDT,SHORT,FUT,0.04719112,0.04504315,0.04817926,-0.41861639,-0.44285797,SL,5825,momentum_short,momentum breakout down | range=14.02% | change=-12.60% | vol=2.04 | score=11 | confirmed | trigger=0.04714229 | invalidation=0.04805642
2026-05-06 21:03:44,ICPUSDT,LONG,FUT,2.9231688,3.12908573,0.0,0.0,0.0,OPEN,0,momentum_long,momentum positive momentum | range=13.31% | change=6.62% | vol=2.10 | score=10 | confirmed | trigger=2.92847143 | invalidation=2.84110714
2026-05-06 22:03:45,ICPUSDT,LONG,FUT,2.9231688,3.12908573,3.0747696,1.03765092,1.01301873,TIMEOUT,3600,momentum_long,momentum positive momentum | range=13.31% | change=6.62% | vol=2.10 | score=10 | confirmed | trigger=2.92847143 | invalidation=2.84110714
2026-05-06 22:03:48,RIVERUSDT,LONG,FUT,6.1644648,6.39491427,0.0,0.0,0.0,OPEN,0,retest_long,4H strong_up | retest long ready | breakout continuation up | EMA aligned long | RSI supports long | volume confirmed
2026-05-07 01:39:09,TONUSDT,BUY,SPOT,2.5270104,2.70113571,0.0,0.0,0.0,OPEN,0,spot_retest_long,4H strong_up | retest long ready | breakout continuation up | EMA aligned long | RSI supports long | volume confirmed
2026-05-07 01:54:09,TONUSDT,,SPOT,2.5270104,2.70113571,2.5499796,0.08499862,0.08499862,FADE,0,spot_retest_long,4H strong_up | retest long ready | breakout continuation up | EMA aligned long | RSI supports long | volume confirmed
2026-05-07 02:38:13,RIVERUSDT,LONG,FUT,6.1644648,6.39491427,6.0565764,-0.35017332,-0.37397282,SL,16464,retest_long,4H strong_up | retest long ready | breakout continuation up | EMA aligned long | RSI supports long | volume confirmed
2026-05-07 02:38:17,ZECUSDT,SHORT,FUT,542.642856,518.268,0.0,0.0,0.0,OPEN,0,momentum_short,momentum breakout down | range=15.40% | change=3.52% | vol=5.00 | score=10 | confirmed | trigger=540.60600000 | invalidation=550.78500000
2026-05-07 03:38:18,ZECUSDT,SHORT,FUT,542.642856,518.268,537.624964,0.18486873,0.16098925,TIMEOUT,3601,momentum_short,momentum breakout down | range=15.40% | change=3.52% | vol=5.00 | score=10 | confirmed | trigger=540.60600000 | invalidation=550.78500000
2026-05-07 03:38:21,PENGUUSDT,SHORT,FUT,0.01032287,0.01003967,0.0,0.0,0.0,OPEN,0,momentum_short,momentum negative momentum | range=9.73% | change=-6.94% | vol=3.08 | score=10 | confirmed | trigger=0.01031802 | invalidation=0.01043924
2026-05-07 05:01:04,PENGUUSDT,SHORT,FUT,0.01032287,0.01003967,0.01045918,-0.26399148,-0.28814027,SL,4962,momentum_short,momentum negative momentum | range=9.73% | change=-6.94% | vol=3.08 | score=10 | confirmed | trigger=0.01031802 | invalidation=0.01043924
2026-05-07 05:01:05,ONDOUSDT,LONG,FUT,0.33433368,0.34560573,0.0,0.0,0.0,OPEN,0,momentum_long,momentum breakout up | range=8.94% | change=5.46% | vol=2.94 | score=10 | confirmed | trigger=0.33455643 | invalidation=0.32974464
2026-05-07 06:10:51,ONDOUSDT,LONG,FUT,0.33433368,0.34560573,0.32906832,-0.31510233,-0.33892287,SL,4186,momentum_long,momentum breakout up | range=8.94% | change=5.46% | vol=2.94 | score=10 | confirmed | trigger=0.33455643 | invalidation=0.32974464
2026-05-07 06:10:53,BIOUSDT,SHORT,FUT,0.04544182,0.04023027,0.0,0.0,0.0,OPEN,0,momentum_short,momentum negative momentum | range=16.31% | change=-9.35% | vol=2.47 | score=10 | confirmed | trigger=0.04529657 | invalidation=0.04750286
2026-05-07 10:37:30,BIOUSDT,SHORT,FUT,0.04544182,0.04023027,0.0477791,-1.02828157,-1.05288894,SL,15997,momentum_short,momentum negative momentum | range=16.31% | change=-9.35% | vol=2.47 | score=10 | confirmed | trigger=0.04529657 | invalidation=0.04750286
2026-05-07 10:37:32,VVVUSDT,LONG,FUT,13.1782692,14.01117142,0.0,0.0,0.0,OPEN,0,retest_long,4H strong_up | retest long ready | breakout continuation up | EMA aligned long | RSI supports long | volume confirmed
2026-05-07 11:16:51,VVVUSDT,LONG,FUT,13.1782692,14.01117142,12.7968792,-0.57904805,-0.60271022,SL,2359,retest_long,4H strong_up | retest long ready | breakout continuation up | EMA aligned long | RSI supports long | volume confirmed
2026-05-07 11:16:55,ICPUSDT,LONG,FUT,3.1092432,3.26114285,0.0,0.0,0.0,OPEN,0,momentum_long,momentum breakout up | range=17.52% | change=10.07% | vol=2.24 | score=11 | confirmed | trigger=3.11278571 | invalidation=3.04817858
2026-05-07 11:29:31,TAOUSDT,BUY,SPOT,313.955532,323.55,0.0,0.0,0.0,OPEN,0,spot_retest_long,4H strong_up | retest long ready | breakout continuation up | EMA aligned long | RSI supports long | volume confirmed
2026-05-07 12:16:56,ICPUSDT,LONG,FUT,3.1092432,3.26114285,3.1957212,0.55648649,0.53214299,TIMEOUT,3600,momentum_long,momentum breakout up | range=17.52% | change=10.07% | vol=2.24 | score=11 | confirmed | trigger=3.11278571 | invalidation=3.04817858
2026-05-07 12:16:59,ICPUSDT,LONG,FUT,3.1922764,3.36494285,0.0,0.0,0.0,OPEN,0,momentum_long,momentum breakout up | range=17.05% | change=13.48% | vol=2.31 | score=11 | confirmed | trigger=3.19643571 | invalidation=3.12305357
2026-05-07 13:07:52,ICPUSDT,LONG,FUT,3.1922764,3.36494285,3.1057572,-0.54227013,-0.56595437,SL,3052,momentum_long,momentum breakout up | range=17.05% | change=13.48% | vol=2.31 | score=11 | confirmed | trigger=3.19643571 | invalidation=3.12305357
2026-05-07 13:07:55,ONDOUSDT,LONG,FUT,0.372649,0.39752858,0.0,0.0,0.0,OPEN,0,momentum_long,momentum breakout up | range=18.00% | change=17.98% | vol=4.21 | score=11 | confirmed | trigger=0.37328214 | invalidation=0.36272321
2026-05-07 13:15:23,ONDOUSDT,LONG,FUT,0.372649,0.39752858,0.36855252,-0.21994523,-0.24382287,SL,448,momentum_long,momentum breakout up | range=18.00% | change=17.98% | vol=4.21 | score=11 | confirmed | trigger=0.37328214 | invalidation=0.36272321
2026-05-07 13:15:24,ARMUSDT,SHORT,FUT,217.602924,206.83285715,0.0,0.0,0.0,OPEN,0,momentum_short,momentum negative momentum | range=22.62% | change=-4.75% | vol=1.41 | score=8 | confirmed | trigger=217.35071429 | invalidation=221.93107142
2026-05-07 13:29:08,ARMUSDT,SHORT,FUT,217.602924,206.83285715,222.659028,-0.46452331,-0.48879243,SL,824,momentum_short,momentum negative momentum | range=22.62% | change=-4.75% | vol=1.41 | score=8 | confirmed | trigger=217.35071429 | invalidation=221.93107142
2026-05-07 13:29:11,XPLUSDT,LONG,FUT,0.10724288,0.11366858,0.0,0.0,0.0,OPEN,0,momentum_long,momentum breakout up | range=13.04% | change=7.83% | vol=1.70 | score=11 | confirmed | trigger=0.10740214 | invalidation=0.10467321
2026-05-07 13:38:33,XPLUSDT,LONG,FUT,0.10724288,0.11366858,0.10425828,-0.55682836,-0.58050386,SL,562,momentum_long,momentum breakout up | range=13.04% | change=7.83% | vol=1.70 | score=11 | confirmed | trigger=0.10740214 | invalidation=0.10467321
2026-05-07 13:38:36,BSBUSDT,SHORT,FUT,0.45827662,0.41896285,0.0,0.0,0.0,OPEN,0,momentum_short,momentum negative momentum | range=22.16% | change=-8.15% | vol=2.37 | score=10 | confirmed | trigger=0.45722571 | invalidation=0.47388857
2026-05-07 13:38:45,TAOUSDT,,SPOT,313.955532,323.55,307.22706,-0.28103065,-0.28103065,SL,0,spot_retest_long,4H strong_up | retest long ready | breakout continuation up | EMA aligned long | RSI supports long | volume confirmed
2026-05-07 14:34:54,PENGUUSDT,SHORT,FUT,0.01032987,0.00998658,0.0,0.0,0.0,OPEN,0,momentum_short,momentum breakout down | range=6.77% | change=-4.70% | vol=2.61 | score=9 | confirmed | trigger=0.01032314 | invalidation=0.01046971
2026-05-07 18:32:54,TONUSDT,BUY,SPOT,2.7551016,3.05408571,0.0,0.0,0.0,OPEN,0,spot_retest_long,4H strong_up | retest long ready | breakout continuation up | EMA aligned long | RSI supports long | volume confirmed
2026-05-07 21:00:17,PENGUUSDT,SHORT,FUT,0.01032987,0.00998658,0.01023609,0.18149255,0.15761104,TIMEOUT,23122,momentum_short,momentum breakout down | range=6.77% | change=-4.70% | vol=2.61 | score=9 | confirmed | trigger=0.01032314 | invalidation=0.01046971
2026-05-07 21:00:20,ORDIUSDT,SHORT,FUT,5.1209508,4.9534,0.0,0.0,0.0,OPEN,0,momentum_short,momentum negative momentum | range=10.82% | change=-6.26% | vol=1.85 | score=10 | confirmed | trigger=5.11770000 | invalidation=5.18925000
2026-05-07 22:05:35,ORDIUSDT,SHORT,FUT,5.1209508,4.9534,5.0780304,0.16755963,0.14366977,TIMEOUT,3914,momentum_short,momentum negative momentum | range=10.82% | change=-6.26% | vol=1.85 | score=10 | confirmed | trigger=5.11770000 | invalidation=5.18925000
2026-05-07 22:05:38,ORDIUSDT,SHORT,FUT,5.0739696,4.91965715,0.0,0.0,0.0,OPEN,0,momentum_short,momentum negative momentum | range=9.97% | change=-7.75% | vol=1.80 | score=10 | confirmed | trigger=5.07111429 | invalidation=5.13707142
2026-05-08 00:02:55,ORDIUSDT,SHORT,FUT,5.0739696,4.91965715,5.147058,-0.28797636,-0.31213955,SL,7036,momentum_short,momentum negative momentum | range=9.97% | change=-7.75% | vol=1.80 | score=10 | confirmed | trigger=5.07111429 | invalidation=5.13707142
2026-05-08 00:02:57,TONUSDT,LONG,FUT,2.7380948,3.00824573,0.0,0.0,0.0,OPEN,0,momentum_long,momentum positive momentum | range=21.45% | change=11.71% | vol=5.00 | score=10 | confirmed | trigger=2.74547643 | invalidation=2.63104464
2026-05-08 00:44:27,TONUSDT,LONG,FUT,2.7380948,3.00824573,2.67063132,-0.49297391,-0.51668773,SL,2490,momentum_long,momentum positive momentum | range=21.45% | change=11.71% | vol=5.00 | score=10 | confirmed | trigger=2.74547643 | invalidation=2.63104464
2026-05-08 00:44:31,VIRTUALUSDT,LONG,FUT,0.90306108,0.93586573,0.0,0.0,0.0,OPEN,0,momentum_long,momentum positive momentum | range=15.52% | change=5.73% | vol=4.01 | score=10 | confirmed | trigger=0.90373643 | invalidation=0.88974464
2026-05-08 02:26:50,VIRTUALUSDT,LONG,FUT,0.90306108,0.93586573,0.91093548,0.17446328,0.150349,TIMEOUT,6138,momentum_long,momentum positive momentum | range=15.52% | change=5.73% | vol=4.01 | score=10 | confirmed | trigger=0.90373643 | invalidation=0.88974464
2026-05-08 02:26:54,VIRTUALUSDT,LONG,FUT,0.91176456,0.94559427,0.0,0.0,0.0,OPEN,0,momentum_long,momentum positive momentum | range=14.97% | change=7.71% | vol=3.97 | score=10 | confirmed | trigger=0.91246857 | invalidation=0.89804286
2026-05-08 03:30:44,VIRTUALUSDT,LONG,FUT,0.91176456,0.94559427,0.91933212,0.16606452,0.14195528,TIMEOUT,3829,momentum_long,momentum positive momentum | range=14.97% | change=7.71% | vol=3.97 | score=10 | confirmed | trigger=0.91246857 | invalidation=0.89804286
2026-05-08 03:30:45,VIRTUALUSDT,LONG,FUT,0.920368,0.95437715,0.0,0.0,0.0,OPEN,0,retest_long,4H strong_up | retest long ready | breakout continuation up | EMA aligned long | RSI supports long | volume confirmed
2026-05-08 03:40:24,ONDOUSDT,BUY,SPOT,0.35994392,0.3745,0.0,0.0,0.0,OPEN,0,spot_retest_long,4H strong_up | retest long ready | breakout continuation up | EMA aligned long | RSI supports long | volume confirmed
2026-05-08 05:03:59,VIRTUALUSDT,LONG,FUT,0.920368,0.95437715,0.90453804,-0.34412957,-0.36793269,SL,5594,retest_long,4H strong_up | retest long ready | breakout continuation up | EMA aligned long | RSI supports long | volume confirmed
2026-05-08 05:04:00,ICPUSDT,LONG,FUT,3.1442572,3.29934285,0.0,0.0,0.0,OPEN,0,momentum_long,momentum breakout up | range=9.99% | change=5.65% | vol=1.56 | score=10 | confirmed | trigger=3.14402143 | invalidation=3.07623214
2026-05-08 05:30:31,ONDOUSDT,,SPOT,0.35994392,0.3745,0.36365448,0.09962073,0.09962073,TIMEOUT,0,spot_retest_long,4H strong_up | retest long ready | breakout continuation up | EMA aligned long | RSI supports long | volume confirmed
2026-05-08 05:30:33,ONDOUSDT,BUY,SPOT,0.36354536,0.37833571,0.0,0.0,0.0,OPEN,0,spot_retest_long,4H strong_up | retest long ready | breakout continuation up | EMA aligned long | RSI supports long | volume confirmed
2026-05-08 05:45:33,ONDOUSDT,,SPOT,0.36354536,0.37833571,0.36975204,0.18073911,0.18073911,TIMEOUT,0,spot_retest_long,4H strong_up | retest long ready | breakout continuation up | EMA aligned long | RSI supports long | volume confirmed
2026-05-08 06:04:00,ICPUSDT,LONG,FUT,3.1442572,3.29934285,3.1947216,0.32112249,0.29692022,TIMEOUT,3600,momentum_long,momentum breakout up | range=9.99% | change=5.65% | vol=1.56 | score=10 | confirmed | trigger=3.14402143 | invalidation=3.07623214
2026-05-08 06:04:04,VVVUSDT,LONG,FUT,13.660462,14.45225715,0.0,0.0,0.0,OPEN,0,retest_long,4H strong_up | retest long ready | breakout continuation up | EMA aligned long | RSI supports long | volume confirmed
2026-05-08 06:19:11,TONUSDT,,SPOT,2.7551016,3.05408571,2.7898836,0.1273944,0.1273944,TIMEOUT,0,spot_retest_long,4H strong_up | retest long ready | breakout continuation up | EMA aligned long | RSI supports long | volume confirmed
2026-05-08 06:19:11,TONUSDT,BUY,SPOT,2.7921164,3.01362142,0.0,0.0,0.0,OPEN,0,spot_retest_long,4H strong_up | retest long ready | breakout continuation up | EMA aligned long | RSI supports long | volume confirmed
2026-05-08 07:05:05,VVVUSDT,LONG,FUT,13.660462,14.45225715,13.2926808,-0.53867624,-0.56236263,SL,3660,retest_long,4H strong_up | retest long ready | breakout continuation up | EMA aligned long | RSI supports long | volume confirmed
2026-05-08 07:05:09,ICPUSDT,LONG,FUT,3.2733088,3.45531427,0.0,0.0,0.0,OPEN,0,momentum_long,momentum positive momentum | range=12.87% | change=9.72% | vol=1.78 | score=10 | confirmed | trigger=3.27872857 | invalidation=3.20139286
2026-05-08 08:05:27,ONDOUSDT,BUY,SPOT,0.37044812,0.38688571,0.0,0.0,0.0,OPEN,0,spot_retest_long,4H strong_up | retest long ready | breakout continuation up | EMA aligned long | RSI supports long | volume confirmed
2026-05-08 08:08:40,ICPUSDT,LONG,FUT,3.2733088,3.45531427,3.2516988,-0.13209046,-0.15602081,SL,3811,momentum_long,momentum positive momentum | range=12.87% | change=9.72% | vol=1.78 | score=10 | confirmed | trigger=3.27872857 | invalidation=3.20139286
2026-05-08 08:08:44,NEARUSDT,LONG,FUT,1.53451356,1.57975142,0.0,0.0,0.0,OPEN,0,retest_long,4H strong_up | retest long ready | breakout continuation up | EMA aligned long | RSI supports long | volume confirmed
2026-05-08 08:21:37,NEARUSDT,LONG,FUT,1.53451356,1.57975142,1.51299456,-0.28057892,-0.30442017,SL,773,retest_long,4H strong_up | retest long ready | breakout continuation up | EMA aligned long | RSI supports long | volume confirmed
2026-05-08 08:21:40,STRKUSDT,LONG,FUT,0.05310323,0.05782075,0.0,0.0,0.0,OPEN,0,retest_long,4H strong_up | retest long ready | breakout continuation up | EMA aligned long | RSI supports long | volume confirmed
2026-05-08 08:28:17,ONDOUSDT,,SPOT,0.37044812,0.38688571,0.37415028,0.09584321,0.09584321,TIMEOUT,0,spot_retest_long,4H strong_up | retest long ready | breakout continuation up | EMA aligned long | RSI supports long | volume confirmed
2026-05-08 08:35:36,ONDOUSDT,BUY,SPOT,0.37525004,0.3931,0.0,0.0,0.0,OPEN,0,spot_retest_long,4H strong_up | retest long ready | breakout continuation up | EMA aligned long | RSI supports long | volume confirmed
2026-05-08 09:20:39,ONDOUSDT,,SPOT,0.37525004,0.3931,0.37944816,0.11016012,0.11016012,TIMEOUT,0,spot_retest_long,4H strong_up | retest long ready | breakout continuation up | EMA aligned long | RSI supports long | volume confirmed
2026-05-08 09:20:43,ONDOUSDT,BUY,SPOT,0.37975184,0.39862858,0.0,0.0,0.0,OPEN,0,spot_breakout_long,4H strong_up | breakout continuation up | EMA aligned long | RSI supports long | volume confirmed
2026-05-08 09:21:41,STRKUSDT,LONG,FUT,0.05310323,0.05782075,0.05468512,0.59601643,0.57164922,TIMEOUT,3601,retest_long,4H strong_up | retest long ready | breakout continuation up | EMA aligned long | RSI supports long | volume confirmed
2026-05-08 09:21:43,NEARUSDT,LONG,FUT,1.54871924,1.60524285,0.0,0.0,0.0,OPEN,0,retest_long,4H strong_up | retest long ready | breakout continuation up | EMA aligned long | RSI supports long | volume confirmed
2026-05-08 09:44:13,TONUSDT,,SPOT,2.7921164,3.01362142,2.6409432,-0.67333397,-0.67333397,SL,0,spot_retest_long,4H strong_up | retest long ready | breakout continuation up | EMA aligned long | RSI supports long | volume confirmed
2026-05-08 09:46:02,NEARUSDT,LONG,FUT,1.54871924,1.60524285,1.5488802,0.00207945,-0.0219314,SL,1458,retest_long,4H strong_up | retest long ready | breakout continuation up | EMA aligned long | RSI supports long | volume confirmed
2026-05-08 09:46:05,ONDOUSDT,LONG,FUT,0.37995192,0.40076,0.0,0.0,0.0,OPEN,0,retest_long,4H strong_up | retest long ready | breakout continuation up | EMA aligned long | RSI supports long | volume confirmed
2026-05-08 09:51:22,ONDOUSDT,,SPOT,0.37975184,0.39862858,0.38364648,0.09898551,0.09898551,TIMEOUT,0,spot_breakout_long,4H strong_up | breakout continuation up | EMA aligned long | RSI supports long | volume confirmed
2026-05-08 10:53:08,ONDOUSDT,LONG,FUT,0.37995192,0.40076,0.39724104,0.45521643,0.4429385,STALL,4023,retest_long,4H strong_up | retest long ready | breakout continuation up | EMA aligned long | RSI supports long | volume confirmed
2026-05-08 10:53:12,XPLUSDT,LONG,FUT,0.10874348,0.11375142,0.0,0.0,0.0,OPEN,0,momentum_long,momentum positive momentum | range=9.13% | change=8.08% | vol=1.69 | score=10 | confirmed | trigger=0.10855571 | invalidation=0.10645357
2026-05-08 12:30:50,XPLUSDT,LONG,FUT,0.10874348,0.11375142,0.10635744,-0.4390138,-0.46275999,SL,5858,momentum_long,momentum positive momentum | range=9.13% | change=8.08% | vol=1.69 | score=10 | confirmed | trigger=0.10855571 | invalidation=0.10645357
2026-05-08 12:30:54,SKYAIUSDT,SHORT,FUT,0.5877548,0.54882885,0.0,0.0,0.0,OPEN,0,momentum_short,momentum negative momentum | range=20.50% | change=-5.16% | vol=5.00 | score=10 | confirmed | trigger=0.58948650 | invalidation=0.60708375
2026-05-08 13:05:44,SKYAIUSDT,SHORT,FUT,0.5877548,0.54882885,0.6054921,-0.60331978,-0.62767218,SL,2090,momentum_short,momentum negative momentum | range=20.50% | change=-5.16% | vol=5.00 | score=10 | confirmed | trigger=0.58948650 | invalidation=0.60708375
2026-05-08 13:05:46,COINUSDT,SHORT,FUT,186.465384,181.85657142,0.0,0.0,0.0,OPEN,0,momentum_short,momentum negative momentum | range=9.32% | change=-5.07% | vol=1.98 | score=10 | confirmed | trigger=186.39364286 | invalidation=188.36946429
2026-05-08 13:31:29,COINUSDT,SHORT,FUT,186.465384,181.85657142,185.684244,0.0837504,0.05981025,SL,1542,momentum_short,momentum negative momentum | range=9.32% | change=-5.07% | vol=1.98 | score=10 | confirmed | trigger=186.39364286 | invalidation=188.36946429
2026-05-08 13:31:29,MUUSDT,LONG,FUT,690.82622,707.99457142,0.0,0.0,0.0,OPEN,0,momentum_long,momentum breakout up | range=7.44% | change=6.00% | vol=2.96 | score=10 | confirmed | trigger=689.92600000 | invalidation=683.23000000
2026-05-08 13:40:54,MUUSDT,LONG,FUT,690.82622,707.99457142,692.013084,0.03437446,0.01034423,SL,565,momentum_long,momentum breakout up | range=7.44% | change=6.00% | vol=2.96 | score=10 | confirmed | trigger=689.92600000 | invalidation=683.23000000
2026-05-08 13:40:58,PENGUUSDT,SHORT,FUT,0.01017793,0.00987227,0.0,0.0,0.0,OPEN,0,momentum_short,momentum negative momentum | range=5.00% | change=-3.56% | vol=2.13 | score=8 | confirmed | trigger=0.01017232 | invalidation=0.01030299
2026-05-08 14:05:53,PENGUUSDT,SHORT,FUT,0.01017793,0.00987227,0.01032513,-0.28913455,-0.31329844,SL,1494,momentum_short,momentum negative momentum | range=5.00% | change=-3.56% | vol=2.13 | score=8 | confirmed | trigger=0.01017232 | invalidation=0.01030299
2026-05-08 14:05:55,SKYAIUSDT,SHORT,FUT,0.59080358,0.556496,0.0,0.0,0.0,OPEN,0,momentum_short,momentum negative momentum | range=18.57% | change=-5.38% | vol=5.00 | score=10 | confirmed | trigger=0.58996050 | invalidation=0.60453375
2026-05-08 15:05:55,SKYAIUSDT,SHORT,FUT,0.59080358,0.556496,0.58137246,0.31913657,0.29533765,TIMEOUT,3600,momentum_short,momentum negative momentum | range=18.57% | change=-5.38% | vol=5.00 | score=10 | confirmed | trigger=0.58996050 | invalidation=0.60453375
2026-05-08 15:05:59,SUIUSDT,LONG,FUT,1.00650244,1.03563142,0.0,0.0,0.0,OPEN,0,retest_long,4H strong_up | retest long ready | breakout continuation up | EMA aligned long | RSI supports long | volume confirmed
2026-05-08 17:23:03,FETUSDT,LONG,FUT,0.2315926,0.23902,0.0,0.0,0.0,OPEN,0,breakout_long,4H strong_up | breakout continuation up | EMA aligned long | RSI supports long | volume confirmed
2026-05-08 17:58:31,SUIUSDT,LONG,FUT,1.02921152,1.06669715,0.0,0.0,0.0,OPEN,0,momentum_long,momentum breakout up | range=7.76% | change=5.72% | vol=5.00 | score=10 | confirmed | trigger=1.02998429 | invalidation=1.01399642
2026-05-08 17:58:31,SUIUSDT,BUY,SPOT,1.02921152,1.06432858,0.0,0.0,0.0,OPEN,0,spot_breakout_long,4H strong_up | breakout continuation up | EMA aligned long | RSI supports long | volume confirmed
2026-05-08 18:09:36,ONDOUSDT,BUY,SPOT,0.45498192,0.49337142,0.0,0.0,0.0,OPEN,0,spot_retest_long,4H strong_up | retest long ready | breakout continuation up | EMA aligned long | RSI supports long | volume confirmed
2026-05-09 00:21:21,SUIUSDT,,SPOT,1.02921152,1.06432858,1.03948404,0.09569002,0.0,TIMEOUT,0,spot_breakout_long,4H strong_up | breakout continuation up | EMA aligned long | RSI supports long | volume confirmed
2026-05-09 00:21:22,SUIUSDT,BUY,SPOT,1.04031596,1.06608571,0.0,0.0,0.0,OPEN,0,spot_breakout_long,4H strong_up | breakout continuation up | EMA aligned long | RSI supports long | volume confirmed
2026-05-09 00:37:21,SUIUSDT,,SPOT,1.04031596,1.06608571,1.0515792,0.10583339,0.0,TIMEOUT,0,spot_breakout_long,4H strong_up | breakout continuation up | EMA aligned long | RSI supports long | volume confirmed
2026-05-09 00:49:05,SKYAIUSDT,BUY,SPOT,0.63197269,0.66964642,0.0,0.0,0.0,OPEN,0,spot_retest_long,retest long ready | breakout continuation up | RSI supports long | volume confirmed
2026-05-09 00:51:26,SUIUSDT,BUY,SPOT,1.07903144,1.11012142,0.0,0.0,0.0,OPEN,0,spot_breakout_long,4H strong_up | breakout continuation up | EMA aligned long | RSI supports long | volume confirmed
2026-05-09 01:04:06,SKYAIUSDT,,SPOT,0.63197269,0.66964642,0.64965004,0.31144919,0.0,TIMEOUT,0,spot_retest_long,retest long ready | breakout continuation up | RSI supports long | volume confirmed
2026-05-09 01:14:06,SUIUSDT,,SPOT,1.07903144,1.11012142,1.09026372,0.10083054,0.0,TIMEOUT,0,spot_breakout_long,4H strong_up | breakout continuation up | EMA aligned long | RSI supports long | volume confirmed
2026-05-09 01:21:30,SUIUSDT,BUY,SPOT,1.09333716,1.12802142,0.0,0.0,0.0,OPEN,0,spot_breakout_long,4H strong_up | breakout continuation up | EMA aligned long | RSI supports long | volume confirmed
2026-05-09 02:11:31,SUIUSDT,,SPOT,1.09333716,1.12802142,1.10425812,0.09578221,0.0,TIMEOUT,0,spot_breakout_long,4H strong_up | breakout continuation up | EMA aligned long | RSI supports long | volume confirmed
2026-05-09 02:11:34,SUIUSDT,BUY,SPOT,1.10524192,1.14322142,0.0,0.0,0.0,OPEN,0,spot_breakout_long,4H strong_up | breakout continuation up | EMA aligned long | RSI supports long | volume confirmed
2026-05-09 03:09:17,SKYAIUSDT,BUY,SPOT,0.65221078,0.701405,0.0,0.0,0.0,OPEN,0,spot_retest_long,4H strong_up | retest long ready | breakout continuation up | EMA aligned long | RSI supports long
2026-05-09 03:24:18,SKYAIUSDT,,SPOT,0.65221078,0.701405,0.68037774,0.49392202,0.0,TIMEOUT,0,spot_retest_long,4H strong_up | retest long ready | breakout continuation up | EMA aligned long | RSI supports long
2026-05-09 03:31:45,SUIUSDT,,SPOT,1.10524192,1.14322142,1.07886828,-0.31018556,0.0,SL,0,spot_breakout_long,4H strong_up | breakout continuation up | EMA aligned long | RSI supports long | volume confirmed
2026-05-09 03:39:21,SKYAIUSDT,BUY,SPOT,0.69704871,0.75622571,0.0,0.0,0.0,OPEN,0,spot_breakout_long,4H strong_up | breakout continuation up | EMA aligned long | RSI supports long | volume confirmed
2026-05-09 04:14:31,SKYAIUSDT,,SPOT,0.69704871,0.75622571,0.65666723,-0.71877718,0.0,SL,0,spot_breakout_long,4H strong_up | breakout continuation up | EMA aligned long | RSI supports long | volume confirmed
2026-05-09 06:19:11,STRKUSDT,LONG,FUT,0.05962184,0.06395662,0.0,0.0,0.0,OPEN,0,retest_long,4H strong_up | retest long ready | breakout continuation up | EMA aligned long | RSI supports long | volume confirmed
2026-05-09 06:32:06,STRKUSDT,LONG,FUT,0.05962184,0.06395662,0.06186624,0.75318084,0.72871934,SL,774,retest_long,4H strong_up | retest long ready | breakout continuation up | EMA aligned long | RSI supports long | volume confirmed
2026-05-09 06:32:08,NILUSDT,SHORT,FUT,0.06982206,0.06533115,0.0,0.0,0.0,OPEN,0,momentum_short,momentum negative momentum | range=15.19% | change=-6.47% | vol=5.00 | score=10 | confirmed | trigger=0.06970879 | invalidation=0.07161517
2026-05-09 06:37:03,BIOUSDT,LONG,FUT,0.052521,0.05657773,0.0,0.0,0.0,OPEN,0,momentum_long,momentum positive momentum | range=19.28% | change=11.45% | vol=2.13 | score=10 | confirmed | trigger=0.05262743 | invalidation=0.05090714
2026-05-09 10:56:03,ORDIUSDT,LONG,FUT,5.6482584,5.80571429,0.0,0.0,0.0,OPEN,0,momentum_long,momentum positive momentum | range=9.01% | change=7.61% | vol=1.85 | score=10 | confirmed
2026-05-09 11:11:24,SOLUSDT,BUY,SPOT,93.567412,95.04242857,0.0,0.0,0.0,OPEN,0,momentum_long,momentum positive momentum | range=6.62% | change=5.65% | vol=5.00 | score=9 | confirmed
2026-05-09 11:28:49,ORDIUSDT,LONG,FUT,5.6482584,5.80571429,5.7387036,0.16019341,0.14809249,FADE,1965,momentum_long,momentum positive momentum | range=9.01% | change=7.61% | vol=1.85 | score=10 | confirmed
2026-05-09 11:28:52,LINKUSDT,LONG,FUT,10.464184,10.57957143,0.0,0.0,0.0,OPEN,0,momentum_long,momentum positive momentum | range=6.95% | change=5.38% | vol=4.48 | score=9 | confirmed
2026-05-09 12:40:51,ASTERUSDT,LONG,FUT,0.70588224,0.71101429,0.0,0.0,0.0,OPEN,0,momentum_long,momentum positive momentum | range=10.00% | change=6.48% | vol=2.79 | score=10 | confirmed
2026-05-09 12:41:06,SOLUSDT,BUY,SPOT,93.367332,94.93692857,0.0,0.0,0.0,OPEN,0,momentum_long,momentum positive momentum | range=6.63% | change=5.28% | vol=5.00 | score=9 | confirmed
2026-05-09 13:01:58,WLDUSDT,LONG,FUT,0.27320924,0.27802857,0.0,0.0,0.0,OPEN,0,momentum_long,momentum positive momentum | range=9.16% | change=6.15% | vol=1.94 | score=10 | confirmed
2026-05-09 13:14:49,SEIUSDT,LONG,FUT,0.06687674,0.06769429,0.0,0.0,0.0,OPEN,0,momentum_long,momentum positive momentum | range=12.45% | change=8.65% | vol=1.42 | score=9 | confirmed
2026-05-09 15:19:20,SEIUSDT,LONG,FUT,0.06687674,0.06769429,0.06744301,0.16941571,0.14530446,TIMEOUT,7470,momentum_long,momentum positive momentum | range=12.45% | change=8.65% | vol=1.42 | score=9 | confirmed
2026-05-09 15:19:20,BIOUSDT,LONG,FUT,0.05124049,0.05304286,0.0,0.0,0.0,OPEN,0,momentum_long,momentum positive momentum | range=17.99% | change=10.72% | vol=2.26 | score=10 | confirmed
2026-05-09 16:31:23,BIOUSDT,LONG,FUT,0.05124049,0.05304286,0.05370851,0.48184654,0.46955264,STALL,4322,momentum_long,momentum positive momentum | range=17.99% | change=10.72% | vol=2.26 | score=10 | confirmed
2026-05-09 16:31:25,BIOUSDT,LONG,FUT,0.05380151,0.0557,0.0,0.0,0.0,OPEN,0,momentum_long,momentum positive momentum | range=13.40% | change=8.73% | vol=2.29 | score=10 | confirmed
2026-05-09 17:05:50,SUIUSDT,BUY,SPOT,1.06012388,1.08584286,0.0,0.0,0.0,OPEN,0,momentum_long,momentum positive momentum | range=9.70% | change=4.82% | vol=5.00 | score=9 | confirmed
2026-05-09 17:31:25,BIOUSDT,LONG,FUT,0.05380151,0.0557,0.05465813,0.31856378,0.29436304,TIMEOUT,3600,momentum_long,momentum positive momentum | range=13.40% | change=8.73% | vol=2.29 | score=10 | confirmed
2026-05-09 17:31:25,STRKUSDT,SHORT,FUT,0.05235705,0.051264,0.0,0.0,0.0,OPEN,0,momentum_short,momentum negative momentum | range=20.38% | change=-7.58% | vol=5.00 | score=10 | confirmed
2026-05-09 18:31:26,STRKUSDT,SHORT,FUT,0.05235705,0.051264,0.05183473,0.19944419,0.17557346,TIMEOUT,3600,momentum_short,momentum negative momentum | range=20.38% | change=-7.58% | vol=5.00 | score=10 | confirmed
2026-05-09 18:31:26,JTOUSDT,SHORT,FUT,0.53258688,0.49442857,0.0,0.0,0.0,OPEN,0,momentum_short,momentum negative momentum | range=13.93% | change=-10.28% | vol=1.56 | score=9 | confirmed
2026-05-09 20:01:10,SUIUSDT,,SPOT,1.06012388,1.08584286,1.07067156,0.09531246,0.0,TIMEOUT,0,momentum_long,momentum positive momentum | range=9.70% | change=4.82% | vol=5.00 | score=9 | confirmed
2026-05-09 21:35:53,SUIUSDT,BUY,SPOT,1.07362928,1.10107857,0.0,0.0,0.0,OPEN,0,momentum_long,momentum positive momentum | range=8.35% | change=4.68% | vol=5.00 | score=8 | confirmed
2026-05-09 23:45:21,JTOUSDT,SHORT,FUT,0.53258688,0.49442857,0.52791108,0.17551802,0.15163293,TIMEOUT,18834,momentum_short,momentum negative momentum | range=13.93% | change=-10.28% | vol=1.56 | score=9 | confirmed
2026-05-09 23:45:23,FILUSDT,SHORT,FUT,1.20041964,1.17012857,0.0,0.0,0.0,OPEN,0,momentum_short,momentum negative momentum | range=10.08% | change=-7.57% | vol=4.77 | score=10 | confirmed
2026-05-10 00:17:02,SUIUSDT,,SPOT,1.07362928,1.10107857,1.084566,0.09815719,0.0,TIMEOUT,0,momentum_long,momentum positive momentum | range=8.35% | change=4.68% | vol=5.00 | score=8 | confirmed
2026-05-10 00:17:47,SUIUSDT,BUY,SPOT,1.08713468,1.11466429,0.0,0.0,0.0,OPEN,0,momentum_long,momentum positive momentum | range=6.98% | change=5.34% | vol=5.00 | score=9 | confirmed
2026-05-10 00:25:41,SUIUSDT,,SPOT,1.08713468,1.11466429,1.09686108,0.0832878,0.0,FADE,0,momentum_long,momentum positive momentum | range=6.98% | change=5.34% | vol=5.00 | score=9 | confirmed
2026-05-10 00:46:01,FILUSDT,SHORT,FUT,1.20041964,1.17012857,1.19037596,0.16726921,0.14337918,TIMEOUT,3637,momentum_short,momentum negative momentum | range=10.08% | change=-7.57% | vol=4.77 | score=10 | confirmed
2026-05-10 00:46:04,ONDOUSDT,SHORT,FUT,0.4128348,0.39718571,0.0,0.0,0.0,OPEN,0,momentum_short,momentum negative momentum | range=16.48% | change=-12.54% | vol=5.00 | score=10 | confirmed
2026-05-10 02:02:03,ONDOUSDT,SHORT,FUT,0.4128348,0.39718571,0.40926364,0.17293753,0.14905089,TIMEOUT,4559,momentum_short,momentum negative momentum | range=16.48% | change=-12.54% | vol=5.00 | score=10 | confirmed
2026-05-10 02:02:08,FILUSDT,SHORT,FUT,1.18692504,1.16321429,0.0,0.0,0.0,OPEN,0,momentum_short,momentum negative momentum | range=10.85% | change=-6.94% | vol=4.08 | score=10 | confirmed
2026-05-10 02:32:29,FILUSDT,SHORT,FUT,1.18692504,1.16321429,1.20608224,-0.32267475,-0.34685876,SL,1821,momentum_short,momentum negative momentum | range=10.85% | change=-6.94% | vol=4.08 | score=10 | confirmed
2026-05-10 02:32:30,VIRTUALUSDT,SHORT,FUT,0.88934412,0.86814286,0.0,0.0,0.0,OPEN,0,momentum_short,momentum negative momentum | range=9.31% | change=-7.68% | vol=1.72 | score=10 | confirmed
2026-05-10 07:22:17,VIRTUALUSDT,SHORT,FUT,0.88934412,0.86814286,0.90226076,-0.29035945,-0.31452406,SL,17386,momentum_short,momentum negative momentum | range=9.31% | change=-7.68% | vol=1.72 | score=10 | confirmed
2026-05-10 07:22:21,WLFIUSDT,SHORT,FUT,0.06777288,0.06634286,0.0,0.0,0.0,OPEN,0,momentum_short,momentum negative momentum | range=11.37% | change=-9.72% | vol=1.39 | score=9 | confirmed
2026-05-10 08:09:26,SUIUSDT,BUY,SPOT,1.1049418,1.1207,0.0,0.0,0.0,OPEN,0,momentum_long,momentum positive momentum | range=6.84% | change=3.02% | vol=5.00 | score=8 | confirmed
2026-05-10 08:24:40,SUIUSDT,,SPOT,1.1049418,1.1207,1.11595344,0.09550832,0.0,TIMEOUT,0,momentum_long,momentum positive momentum | range=6.84% | change=3.02% | vol=5.00 | score=8 | confirmed
2026-05-10 08:48:24,WLFIUSDT,SHORT,FUT,0.06777288,0.06634286,0.06812724,-0.10453097,-0.12858409,SL,5162,momentum_short,momentum negative momentum | range=11.37% | change=-9.72% | vol=1.39 | score=9 | confirmed
2026-05-10 08:48:28,ICPUSDT,SHORT,FUT,3.4476204,3.35028571,0.0,0.0,0.0,OPEN,0,momentum_short,momentum negative momentum | range=9.52% | change=-7.51% | vol=1.82 | score=10 | confirmed
2026-05-10 10:04:30,ICPUSDT,SHORT,FUT,3.4476204,3.35028571,3.4183668,0.16963526,0.14574664,TIMEOUT,4561,momentum_short,momentum negative momentum | range=9.52% | change=-7.51% | vol=1.82 | score=10 | confirmed
2026-05-10 10:04:30,SUIUSDT,LONG,FUT,1.12134836,1.13078571,0.0,0.0,0.0,OPEN,0,momentum_long,momentum positive momentum | range=8.87% | change=5.91% | vol=5.00 | score=9 | confirmed
2026-05-10 10:04:35,SUIUSDT,BUY,SPOT,1.11924752,1.13362857,0.0,0.0,0.0,OPEN,0,momentum_long,momentum positive momentum | range=8.82% | change=7.78% | vol=5.00 | score=9 | confirmed
2026-05-10 10:19:38,SUIUSDT,,SPOT,1.11924752,1.13362857,1.1305476,0.09707134,0.0,TIMEOUT,0,momentum_long,momentum positive momentum | range=8.82% | change=7.78% | vol=5.00 | score=9 | confirmed
2026-05-10 10:24:37,SUIUSDT,LONG,FUT,1.12134836,1.13078571,1.13984388,0.16500598,0.15290217,TP2,1207,momentum_long,momentum positive momentum | range=8.87% | change=5.91% | vol=5.00 | score=9 | confirmed
2026-05-10 10:24:39,FILUSDT,SHORT,FUT,1.17642924,1.14357143,0.0,0.0,0.0,OPEN,0,momentum_short,momentum negative momentum | range=5.93% | change=-4.15% | vol=2.87 | score=8 | confirmed
2026-05-10 12:05:28,SUIUSDT,BUY,SPOT,1.13625432,1.1514,0.0,0.0,0.0,OPEN,0,momentum_long,momentum positive momentum | range=9.43% | change=8.22% | vol=5.00 | score=10 | confirmed
2026-05-10 12:36:05,SUIUSDT,,SPOT,1.13625432,1.1514,1.12534968,-0.13910453,0.0,SL,0,momentum_long,momentum positive momentum | range=9.43% | change=8.22% | vol=5.00 | score=10 | confirmed
2026-05-10 13:23:07,SUIUSDT,BUY,SPOT,1.12835116,1.14360714,0.0,0.0,0.0,OPEN,0,momentum_long,momentum positive momentum | range=9.57% | change=7.29% | vol=5.00 | score=10 | confirmed
2026-05-10 13:52:19,SUIUSDT,,SPOT,1.12835116,1.14360714,1.13974392,0.09707951,0.0,TIMEOUT,0,momentum_long,momentum positive momentum | range=9.57% | change=7.29% | vol=5.00 | score=10 | confirmed
2026-05-10 14:16:03,FILUSDT,SHORT,FUT,1.17642924,1.14357143,1.1664664,0.16930648,0.14541767,TIMEOUT,13884,momentum_short,momentum negative momentum | range=5.93% | change=-4.15% | vol=2.87 | score=8 | confirmed
2026-05-10 14:16:05,TONUSDT,SHORT,FUT,2.3600556,2.21702857,0.0,0.0,0.0,OPEN,0,momentum_short,momentum negative momentum | range=10.04% | change=-6.24% | vol=5.00 | score=10 | confirmed
2026-05-10 18:19:54,WLDUSDT,BUY,SPOT,0.28491392,0.29129286,0.0,0.0,0.0,OPEN,0,momentum_long,momentum positive momentum | range=10.76% | change=4.41% | vol=1.99 | score=9 | confirmed
2026-05-10 19:24:08,WLDUSDT,,SPOT,0.28491392,0.29129286,0.2878848,0.10104275,0.0,TIMEOUT,0,momentum_long,momentum positive momentum | range=10.76% | change=4.41% | vol=1.99 | score=9 | confirmed
2026-05-10 19:25:19,WLDUSDT,BUY,SPOT,0.28871544,0.29582143,0.0,0.0,0.0,OPEN,0,momentum_long,momentum positive momentum | range=10.64% | change=5.66% | vol=2.08 | score=10 | confirmed
2026-05-10 19:30:36,XRPUSDT,BUY,SPOT,1.48899536,1.50466429,0.0,0.0,0.0,OPEN,0,momentum_long,momentum positive momentum | range=6.50% | change=4.68% | vol=5.00 | score=8 | confirmed
2026-05-10 20:15:34,XRPUSDT,,SPOT,1.48899536,1.50466429,1.47720888,-0.11894129,0.0,SL,0,momentum_long,momentum positive momentum | range=6.50% | change=4.68% | vol=5.00 | score=8 | confirmed
2026-05-10 20:16:13,WLDUSDT,,SPOT,0.28871544,0.29582143,0.28358652,-0.23705705,0.0,SL,0,momentum_long,momentum positive momentum | range=10.64% | change=5.66% | vol=2.08 | score=10 | confirmed
2026-05-10 20:36:36,ADAUSDT,BUY,SPOT,0.28291312,0.28809286,0.0,0.0,0.0,OPEN,0,momentum_long,momentum positive momentum | range=7.22% | change=3.86% | vol=5.00 | score=8 | confirmed
2026-05-10 20:46:45,ADAUSDT,,SPOT,0.28291312,0.28809286,0.27918828,-0.18190699,0.0,SL,0,momentum_long,momentum positive momentum | range=7.22% | change=3.86% | vol=5.00 | score=8 | confirmed
2026-05-10 20:49:09,TONUSDT,SHORT,FUT,2.3600556,2.21702857,2.33873512,0.18060551,0.15672347,TIMEOUT,23583,momentum_short,momentum negative momentum | range=10.04% | change=-6.24% | vol=5.00 | score=10 | confirmed
2026-05-10 20:49:12,ZECUSDT,SHORT,FUT,562.834776,545.33,0.0,0.0,0.0,OPEN,0,momentum_short,momentum negative momentum | range=9.51% | change=-5.82% | vol=5.00 | score=10 | confirmed
2026-05-10 21:32:55,ZECUSDT,SHORT,FUT,562.834776,545.33,576.650568,-0.4907396,-0.51502445,SL,2622,momentum_short,momentum negative momentum | range=9.51% | change=-5.82% | vol=5.00 | score=10 | confirmed
2026-05-10 21:32:56,ORDIUSDT,SHORT,FUT,5.2219104,5.082,0.0,0.0,0.0,OPEN,0,momentum_short,momentum negative momentum | range=10.64% | change=-7.13% | vol=1.77 | score=10 | confirmed
2026-05-10 21:43:15,ADAUSDT,BUY,SPOT,0.2811124,0.28663571,0.0,0.0,0.0,OPEN,0,momentum_long,momentum positive momentum | range=7.27% | change=3.12% | vol=5.00 | score=8 | confirmed
2026-05-10 22:08:31,XRPUSDT,BUY,SPOT,1.46548596,1.48422857,0.0,0.0,0.0,OPEN,0,momentum_long,momentum positive momentum | range=6.61% | change=3.05% | vol=5.00 | score=8 | confirmed
2026-05-10 22:28:20,TAOUSDT,BUY,SPOT,322.1288,332.64142857,0.0,0.0,0.0,OPEN,0,momentum_long,momentum positive momentum | range=8.37% | change=4.18% | vol=5.00 | score=8 | confirmed
2026-05-10 22:32:22,WLDUSDT,BUY,SPOT,0.28131248,0.29204286,0.0,0.0,0.0,OPEN,0,momentum_long,momentum positive momentum | range=10.93% | change=3.06% | vol=2.73 | score=9 | confirmed
2026-05-10 22:34:54,ORDIUSDT,SHORT,FUT,5.2219104,5.082,5.3331324,-0.42581164,-0.45005753,SL,3717,momentum_short,momentum negative momentum | range=10.64% | change=-7.13% | vol=1.77 | score=10 | confirmed
2026-05-10 22:34:58,UNIUSDT,LONG,FUT,4.0005996,4.09771429,0.0,0.0,0.0,OPEN,0,momentum_long,momentum positive momentum | range=12.14% | change=7.11% | vol=4.61 | score=10 | confirmed
2026-05-10 23:00:10,WLDUSDT,,SPOT,0.28131248,0.29204286,0.28418628,0.09850503,0.0,TIMEOUT,0,momentum_long,momentum positive momentum | range=10.93% | change=3.06% | vol=2.73 | score=9 | confirmed
2026-05-10 23:22:49,WLDUSDT,BUY,SPOT,0.28571424,0.2967,0.0,0.0,0.0,OPEN,0,momentum_long,momentum positive momentum | range=10.79% | change=4.76% | vol=2.91 | score=9 | confirmed
2026-05-11 00:32:56,ONDOUSDT,BUY,SPOT,0.43347332,0.47245,0.0,0.0,0.0,OPEN,0,momentum_long,momentum positive momentum | range=7.19% | change=3.94% | vol=5.00 | score=8 | confirmed
2026-05-11 00:39:19,ONDOUSDT,,SPOT,0.43347332,0.47245,0.43572564,0.03830476,0.0,FADE,0,momentum_long,momentum positive momentum | range=7.19% | change=3.94% | vol=5.00 | score=8 | confirmed
2026-05-11 00:52:33,UNIUSDT,LONG,FUT,4.0005996,4.09771429,3.9224304,-0.39094374,-0.41471877,SL,8254,momentum_long,momentum positive momentum | range=12.14% | change=7.11% | vol=4.61 | score=10 | confirmed
2026-05-11 00:52:35,BIOUSDT,SHORT,FUT,0.05088964,0.04818571,0.0,0.0,0.0,OPEN,0,momentum_short,momentum negative momentum | range=17.43% | change=-10.77% | vol=2.24 | score=10 | confirmed
2026-05-11 00:53:12,XRPUSDT,,SPOT,1.46548596,1.48422857,1.45181904,-0.13585275,0.0,SL,0,momentum_long,momentum positive momentum | range=6.61% | change=3.05% | vol=5.00 | score=8 | confirmed
2026-05-11 00:55:14,WLDUSDT,,SPOT,0.28571424,0.2967,0.27818868,-0.3398934,0.0,SL,0,momentum_long,momentum positive momentum | range=10.79% | change=4.76% | vol=2.91 | score=9 | confirmed
2026-05-11 01:07:47,ONDOUSDT,BUY,SPOT,0.43907556,0.48169286,0.0,0.0,0.0,OPEN,0,momentum_long,momentum positive momentum | range=9.03% | change=4.73% | vol=5.00 | score=9 | confirmed
2026-05-11 01:22:47,ONDOUSDT,,SPOT,0.43907556,0.48169286,0.44522184,0.14386829,0.0,TIMEOUT,0,momentum_long,momentum positive momentum | range=9.03% | change=4.73% | vol=5.00 | score=9 | confirmed
2026-05-11 01:25:15,WLDUSDT,BUY,SPOT,0.28141252,0.29400714,0.0,0.0,0.0,OPEN,0,momentum_long,momentum positive momentum | range=10.82% | change=5.80% | vol=3.30 | score=10 | confirmed
2026-05-11 02:31:53,ADAUSDT,,SPOT,0.2811124,0.28663571,0.27718908,-0.19138597,0.0,SL,0,momentum_long,momentum positive momentum | range=7.27% | change=3.12% | vol=5.00 | score=8 | confirmed
2026-05-11 03:13:31,TAOUSDT,,SPOT,322.1288,332.64142857,314.77404,-0.29782594,0.0,SL,0,momentum_long,momentum positive momentum | range=8.37% | change=4.18% | vol=5.00 | score=8 | confirmed
2026-05-11 03:33:59,WLDUSDT,,SPOT,0.28141252,0.29400714,0.27269088,-0.39569471,0.0,SL,0,momentum_long,momentum positive momentum | range=10.82% | change=5.80% | vol=3.30 | score=10 | confirmed
2026-05-11 04:09:38,BIOUSDT,SHORT,FUT,0.05088964,0.04818571,0.05044017,0.17657513,0.15269068,TIMEOUT,11822,momentum_short,momentum negative momentum | range=17.43% | change=-10.77% | vol=2.24 | score=10 | confirmed
2026-05-11 04:09:39,TONUSDT,SHORT,FUT,2.3070768,2.20181429,0.0,0.0,0.0,OPEN,0,momentum_short,momentum negative momentum | range=11.80% | change=-9.38% | vol=5.00 | score=10 | confirmed
2026-05-11 04:38:47,ONDOUSDT,BUY,SPOT,0.44807916,0.48889286,0.0,0.0,0.0,OPEN,0,momentum_long,momentum positive momentum | range=10.35% | change=8.30% | vol=5.00 | score=10 | confirmed
2026-05-11 04:53:48,ONDOUSDT,,SPOT,0.44807916,0.48889286,0.45441816,0.14565312,0.0,TIMEOUT,0,momentum_long,momentum positive momentum | range=10.35% | change=8.30% | vol=5.00 | score=10 | confirmed
2026-05-11 05:00:42,WLDUSDT,BUY,SPOT,0.27851136,0.28746429,0.0,0.0,0.0,OPEN,0,momentum_long,momentum positive momentum | range=10.55% | change=4.47% | vol=3.44 | score=9 | confirmed
2026-05-11 05:08:51,ONDOUSDT,BUY,SPOT,0.45988388,0.50502143,0.0,0.0,0.0,OPEN,0,momentum_long,momentum positive momentum | range=12.95% | change=11.32% | vol=5.00 | score=10 | confirmed
2026-05-11 05:23:31,WLDUSDT,,SPOT,0.27851136,0.28746429,0.28128744,0.09552936,0.0,TIMEOUT,0,momentum_long,momentum positive momentum | range=10.55% | change=4.47% | vol=3.44 | score=9 | confirmed
2026-05-11 05:30:46,WLDUSDT,BUY,SPOT,0.28451376,0.29271429,0.0,0.0,0.0,OPEN,0,momentum_long,momentum positive momentum | range=10.16% | change=6.20% | vol=3.53 | score=10 | confirmed
2026-05-11 05:33:32,ADAUSDT,BUY,SPOT,0.27891152,0.28432857,0.0,0.0,0.0,OPEN,0,momentum_long,momentum positive momentum | range=7.32% | change=3.22% | vol=5.00 | score=8 | confirmed
2026-05-11 05:34:32,TAOUSDT,BUY,SPOT,321.52856,329.17428571,0.0,0.0,0.0,OPEN,0,momentum_long,momentum positive momentum | range=7.60% | change=3.02% | vol=5.00 | score=8 | confirmed
2026-05-11 06:10:19,FARTCOINUSDT,BUY,SPOT,0.260104,0.26777857,0.0,0.0,0.0,OPEN,0,momentum_long,momentum positive momentum | range=7.44% | change=3.02% | vol=1.83 | score=8 | confirmed
2026-05-11 06:49:08,TONUSDT,SHORT,FUT,2.3070768,2.20181429,2.2879148,0.16604853,0.14215776,TIMEOUT,9569,momentum_short,momentum negative momentum | range=11.80% | change=-9.38% | vol=5.00 | score=10 | confirmed
2026-05-11 06:49:12,TONUSDT,SHORT,FUT,2.2870848,2.18501429,0.0,0.0,0.0,OPEN,0,momentum_short,momentum negative momentum | range=10.33% | change=-8.49% | vol=5.00 | score=10 | confirmed
2026-05-11 07:05:17,WLDUSDT,,SPOT,0.28451376,0.29271429,0.27878844,-0.26534271,0.0,SL,0,momentum_long,momentum positive momentum | range=10.16% | change=6.20% | vol=3.53 | score=10 | confirmed
2026-05-11 07:10:31,ONDOUSDT,,SPOT,0.45988388,0.50502143,0.42922824,-0.82344361,0.0,SL,0,momentum_long,momentum positive momentum | range=12.95% | change=11.32% | vol=5.00 | score=10 | confirmed
2026-05-11 07:40:36,ONDOUSDT,BUY,SPOT,0.43357336,0.47786429,0.0,0.0,0.0,OPEN,0,momentum_long,momentum positive momentum | range=13.25% | change=6.15% | vol=5.00 | score=10 | confirmed
2026-05-11 07:40:44,FARTCOINUSDT,,SPOT,0.260104,0.26777857,0.25479804,-0.26865517,0.0,SL,0,momentum_long,momentum positive momentum | range=7.44% | change=3.02% | vol=1.83 | score=8 | confirmed
2026-05-11 09:28:38,TAOUSDT,,SPOT,321.52856,329.17428571,324.77004,0.09689538,0.0,TIMEOUT,0,momentum_long,momentum positive momentum | range=7.60% | change=3.02% | vol=5.00 | score=8 | confirmed
2026-05-11 09:30:07,TAOUSDT,BUY,SPOT,325.02996,332.17714286,0.0,0.0,0.0,OPEN,0,momentum_long,momentum positive momentum | range=6.95% | change=3.74% | vol=5.00 | score=8 | confirmed
2026-05-11 09:57:50,TONUSDT,SHORT,FUT,2.2870848,2.18501429,2.34873912,-0.53893636,-0.56325013,SL,11318,momentum_short,momentum negative momentum | range=10.33% | change=-8.49% | vol=5.00 | score=10 | confirmed
2026-05-11 09:57:55,LDOUSDT,LONG,FUT,0.43697472,0.44197143,0.0,0.0,0.0,OPEN,0,momentum_long,momentum positive momentum | range=11.06% | change=7.19% | vol=2.12 | score=10 | confirmed
2026-05-11 10:04:18,WLDUSDT,BUY,SPOT,0.28001196,0.28575,0.0,0.0,0.0,OPEN,0,momentum_long,momentum positive momentum | range=10.29% | change=3.36% | vol=3.77 | score=9 | confirmed
2026-05-11 10:30:49,LDOUSDT,LONG,FUT,0.43697472,0.44197143,0.44122344,0.09726923,0.08520607,BU,1973,momentum_long,momentum positive momentum | range=11.06% | change=7.19% | vol=2.12 | score=10 | confirmed
2026-05-11 10:30:51,BIOUSDT,SHORT,FUT,0.05070971,0.04764429,0.0,0.0,0.0,OPEN,0,momentum_short,momentum negative momentum | range=10.51% | change=-7.49% | vol=1.26 | score=9 | confirmed
2026-05-11 12:51:36,BIOUSDT,SHORT,FUT,0.05070971,0.04764429,0.0502701,0.17331362,0.14942721,TIMEOUT,8445,momentum_short,momentum negative momentum | range=10.51% | change=-7.49% | vol=1.26 | score=9 | confirmed
2026-05-11 12:51:38,SEIUSDT,LONG,FUT,0.07559022,0.07698857,0.0,0.0,0.0,OPEN,0,momentum_long,momentum positive momentum | range=15.70% | change=10.83% | vol=3.37 | score=10 | confirmed
2026-05-11 13:19:56,TAOUSDT,,SPOT,325.02996,332.17714286,319.97196,-0.21063718,0.0,SL,0,momentum_long,momentum positive momentum | range=6.95% | change=3.74% | vol=5.00 | score=8 | confirmed
2026-05-11 13:33:42,SEIUSDT,LONG,FUT,0.07559022,0.07698857,0.07562974,0.0104595,-0.01355637,SL,2524,momentum_long,momentum positive momentum | range=15.70% | change=10.83% | vol=3.37 | score=10 | confirmed
2026-05-11 13:33:44,SAHARAUSDT,LONG,FUT,0.03748499,0.03919286,0.0,0.0,0.0,OPEN,0,momentum_long,momentum positive momentum | range=14.99% | change=5.19% | vol=2.80 | score=10 | confirmed
2026-05-11 14:01:11,SUIUSDT,BUY,SPOT,1.28041196,1.31510714,0.0,0.0,0.0,OPEN,0,momentum_long,momentum positive momentum | range=21.86% | change=11.03% | vol=5.00 | score=10 | confirmed
2026-05-11 14:05:41,ADAUSDT,,SPOT,0.27891152,0.28432857,0.28168728,0.0953441,0.0,TIMEOUT,0,momentum_long,momentum positive momentum | range=7.32% | change=3.22% | vol=5.00 | score=8 | confirmed
2026-05-11 14:16:12,SUIUSDT,,SPOT,1.28041196,1.31510714,1.29338244,0.09747654,0.0,TIMEOUT,0,momentum_long,momentum positive momentum | range=21.86% | change=11.03% | vol=5.00 | score=10 | confirmed
2026-05-11 14:29:54,WLDUSDT,,SPOT,0.28001196,0.28575,0.27578964,-0.2048498,0.0,SL,0,momentum_long,momentum positive momentum | range=10.29% | change=3.36% | vol=3.77 | score=9 | confirmed
2026-05-11 14:33:44,SAHARAUSDT,LONG,FUT,0.03748499,0.03919286,0.03819472,0.37882359,0.3545867,TIMEOUT,3600,momentum_long,momentum positive momentum | range=14.99% | change=5.19% | vol=2.80 | score=10 | confirmed
2026-05-11 14:33:46,LAYERUSDT,SHORT,FUT,0.1179528,0.11642857,0.0,0.0,0.0,OPEN,0,momentum_short,momentum negative momentum | range=16.01% | change=-9.36% | vol=5.00 | score=10 | confirmed
2026-05-11 14:35:06,LAYERUSDT,SHORT,FUT,0.1179528,0.11642857,0.11924768,-0.21947119,-0.24359327,SL,79,momentum_short,momentum negative momentum | range=16.01% | change=-9.36% | vol=5.00 | score=10 | confirmed
2026-05-11 14:35:07,TONUSDT,SHORT,FUT,2.2810872,2.19162857,0.0,0.0,0.0,OPEN,0,momentum_short,momentum negative momentum | range=9.91% | change=-6.45% | vol=5.00 | score=10 | confirmed
2026-05-11 15:11:15,LABUSDT,BUY,SPOT,4.79126574,5.07389143,0.0,0.0,0.0,OPEN,0,momentum_long,momentum positive momentum | range=18.05% | change=3.24% | vol=5.00 | score=9 | confirmed
2026-05-11 15:14:06,SUIUSDT,BUY,SPOT,1.27641036,1.31155714,0.0,0.0,0.0,OPEN,0,momentum_long,momentum positive momentum | range=19.26% | change=9.12% | vol=5.00 | score=10 | confirmed
2026-05-11 15:27:06,ONDOUSDT,,SPOT,0.43357336,0.47786429,0.43802472,0.09911662,0.0,TIMEOUT,0,momentum_long,momentum positive momentum | range=13.25% | change=6.15% | vol=5.00 | score=10 | confirmed
2026-05-11 15:27:27,WLDUSDT,BUY,SPOT,0.28281308,0.28906429,0.0,0.0,0.0,OPEN,0,momentum_long,momentum positive momentum | range=10.27% | change=3.19% | vol=4.07 | score=9 | confirmed
2026-05-11 15:27:43,LABUSDT,,SPOT,4.79126574,5.07389143,4.84250222,0.10423807,0.0,TIMEOUT,0,momentum_long,momentum positive momentum | range=18.05% | change=3.24% | vol=5.00 | score=9 | confirmed
2026-05-11 15:53:31,TONUSDT,SHORT,FUT,2.2810872,2.19162857,2.35114008,-0.61396039,-0.63831916,SL,4704,momentum_short,momentum negative momentum | range=9.91% | change=-6.45% | vol=5.00 | score=10 | confirmed
2026-05-11 15:53:34,ZECUSDT,SHORT,FUT,550.2798,529.32428571,0.0,0.0,0.0,OPEN,0,momentum_short,momentum negative momentum | range=9.03% | change=-7.66% | vol=5.00 | score=10 | confirmed
2026-05-11 16:00:48,LABUSDT,BUY,SPOT,5.05297038,5.32137,0.0,0.0,0.0,OPEN,0,momentum_long,momentum positive momentum | range=20.82% | change=4.04% | vol=5.00 | score=9 | confirmed
2026-05-11 16:07:06,SUIUSDT,,SPOT,1.27641036,1.31155714,1.28918412,0.09600908,0.0,TIMEOUT,0,momentum_long,momentum positive momentum | range=19.26% | change=9.12% | vol=5.00 | score=10 | confirmed
2026-05-11 16:07:56,SUIUSDT,BUY,SPOT,1.2925168,1.32489286,0.0,0.0,0.0,OPEN,0,momentum_long,momentum positive momentum | range=14.28% | change=4.69% | vol=5.00 | score=9 | confirmed
2026-05-11 16:11:55,LAYERUSDT,SHORT,FUT,0.11855256,0.11704286,0.0,0.0,0.0,OPEN,0,momentum_short,momentum negative momentum | range=15.69% | change=-9.25% | vol=5.00 | score=10 | confirmed
2026-05-11 16:26:14,LAYERUSDT,SHORT,FUT,0.11855256,0.11704286,0.12084832,-0.232286,-0.24681961,BU,858,momentum_short,momentum negative momentum | range=15.69% | change=-9.25% | vol=5.00 | score=10 | confirmed
2026-05-11 16:26:15,ASTERUSDT,SHORT,FUT,0.68612544,0.66981429,0.0,0.0,0.0,OPEN,0,momentum_short,momentum negative momentum | range=7.67% | change=-4.03% | vol=2.62 | score=8 | confirmed
2026-05-11 18:26:52,LDOUSDT,SHORT,FUT,0.40413828,0.3992,0.0,0.0,0.0,OPEN,0,momentum_short,momentum negative momentum | range=15.69% | change=-3.30% | vol=5.00 | score=9 | confirmed
2026-05-11 18:32:19,LABUSDT,BUY,SPOT,4.981992,5.20035429,0.0,0.0,0.0,OPEN,0,momentum_long,momentum positive momentum | range=21.22% | change=5.56% | vol=5.00 | score=10 | confirmed
2026-05-11 18:32:19,ONDOUSDT,BUY,SPOT,0.42887148,0.44777143,0.0,0.0,0.0,OPEN,0,momentum_long,momentum positive momentum | range=13.28% | change=3.04% | vol=5.00 | score=9 | confirmed
2026-05-11 18:53:37,LAYERUSDT,SHORT,FUT,0.11785284,0.11615714,0.0,0.0,0.0,OPEN,0,momentum_short,momentum negative momentum | range=15.69% | change=-5.14% | vol=4.97 | score=10 | confirmed
2026-05-11 19:02:23,XPLUSDT,SHORT,FUT,0.10315872,0.10137143,0.0,0.0,0.0,OPEN,0,momentum_short,momentum negative momentum | range=11.35% | change=-7.09% | vol=1.40 | score=9 | confirmed
2026-05-11 19:05:39,ONDOUSDT,BUY,SPOT,0.42857136,0.44794286,0.0,0.0,0.0,OPEN,0,momentum_long,momentum positive momentum | range=13.28% | change=3.14% | vol=5.00 | score=9 | confirmed
2026-05-11 19:12:54,ALCHUSDT,SHORT,FUT,0.09551178,0.09408714,0.0,0.0,0.0,OPEN,0,momentum_short,momentum negative momentum | range=10.04% | change=-3.67% | vol=1.41 | score=8 | confirmed
2026-05-11 22:45:15,INJUSDT,LONG,FUT,4.6728684,4.73357143,0.0,0.0,0.0,OPEN,0,momentum_long,momentum positive momentum | range=13.21% | change=8.54% | vol=1.34 | score=9 | confirmed
2026-05-11 22:57:47,INJUSDT,LONG,FUT,4.6728684,4.73357143,4.6221504,-0.21716121,-0.24104051,SL,751,momentum_long,momentum positive momentum | range=13.21% | change=8.54% | vol=1.34 | score=9 | confirmed
2026-05-11 23:02:07,ENAUSDT,SHORT,FUT,0.12824868,0.12554286,0.0,0.0,0.0,OPEN,0,momentum_short,momentum negative momentum | range=6.32% | change=-3.31% | vol=3.44 | score=8 | confirmed
2026-05-12 01:21:30,ENAUSDT,SHORT,FUT,0.12824868,0.12554286,0.12635052,0.1775364,0.16324868,STALL,8362,momentum_short,momentum negative momentum | range=6.32% | change=-3.31% | vol=3.44 | score=8 | confirmed
2026-05-12 01:21:31,VVVUSDT,LONG,FUT,17.376948,18.15428571,0.0,0.0,0.0,OPEN,0,momentum_long,momentum positive momentum | range=20.33% | change=14.79% | vol=2.96 | score=10 | confirmed
2026-05-12 02:14:39,ONDOUSDT,BUY,SPOT,0.44757896,0.46111429,0.0,0.0,0.0,OPEN,0,momentum_long,momentum positive momentum | range=10.40% | change=3.79% | vol=5.00 | score=9 | confirmed
2026-05-12 02:39:49,ONDOUSDT,,SPOT,0.44757896,0.46111429,0.43812468,-0.27733528,0.0,SL,0,momentum_long,momentum positive momentum | range=10.40% | change=3.79% | vol=5.00 | score=9 | confirmed
2026-05-12 02:41:09,VVVUSDT,LONG,FUT,17.376948,18.15428571,17.7868824,0.28320166,0.26862598,STALL,4778,momentum_long,momentum positive momentum | range=20.33% | change=14.79% | vol=2.96 | score=10 | confirmed
2026-05-12 02:41:10,VVVUSDT,LONG,FUT,17.8301292,18.62342857,0.0,0.0,0.0,OPEN,0,momentum_long,momentum positive momentum | range=19.89% | change=17.71% | vol=3.08 | score=10 | confirmed
2026-05-12 03:10:59,VVVUSDT,LONG,FUT,17.8301292,18.62342857,17.8958388,0.04424144,0.02980914,STALL,1788,momentum_long,momentum positive momentum | range=19.89% | change=17.71% | vol=3.08 | score=10 | confirmed
2026-05-12 03:10:59,UBUSDT,LONG,FUT,0.14635852,0.15143429,0.0,0.0,0.0,OPEN,0,momentum_long,momentum positive momentum | range=21.63% | change=9.99% | vol=2.47 | score=10 | confirmed
2026-05-12 03:17:02,UBUSDT,LONG,FUT,0.14635852,0.15143429,0.14629146,-0.00550048,-0.01990294,BU,363,momentum_long,momentum positive momentum | range=21.63% | change=9.99% | vol=2.47 | score=10 | confirmed
2026-05-12 03:17:06,LAYERUSDT,SHORT,FUT,0.11305476,0.10864286,0.0,0.0,0.0,OPEN,0,momentum_short,momentum negative momentum | range=19.87% | change=-13.49% | vol=3.96 | score=10 | confirmed
2026-05-12 03:34:50,LAYERUSDT,SHORT,FUT,0.11305476,0.10864286,0.11664664,-0.63516888,-0.65954038,SL,1063,momentum_short,momentum negative momentum | range=19.87% | change=-13.49% | vol=3.96 | score=10 | confirmed
2026-05-12 03:34:54,HYPEUSDT,SHORT,FUT,41.023584,40.66942857,0.0,0.0,0.0,OPEN,0,momentum_short,momentum negative momentum | range=5.34% | change=-3.01% | vol=5.00 | score=8 | confirmed
2026-05-12 04:02:30,HYPEUSDT,SHORT,FUT,41.023584,40.66942857,40.9653796,0.01701883,0.0026348,STALL,1655,momentum_short,momentum negative momentum | range=5.34% | change=-3.01% | vol=5.00 | score=8 | confirmed
2026-05-12 04:02:31,ORDIUSDT,SHORT,FUT,4.8700512,4.74828571,0.0,0.0,0.0,OPEN,0,momentum_short,momentum negative momentum | range=8.84% | change=-5.20% | vol=1.68 | score=9 | confirmed
2026-05-12 04:36:51,TONUSDT,BUY,SPOT,2.385954,2.48584286,0.0,0.0,0.0,OPEN,0,momentum_long,momentum positive momentum | range=9.69% | change=3.29% | vol=5.00 | score=9 | confirmed
2026-05-12 05:02:57,TONUSDT,,SPOT,2.385954,2.48584286,2.4110352,0.10205892,0.0,TIMEOUT,0,momentum_long,momentum positive momentum | range=9.69% | change=3.29% | vol=5.00 | score=9 | confirmed
2026-05-12 05:17:59,TONUSDT,BUY,SPOT,2.4199676,2.51720714,0.0,0.0,0.0,OPEN,0,momentum_long,momentum positive momentum | range=9.54% | change=4.23% | vol=5.00 | score=9 | confirmed
2026-05-12 05:36:26,TONUSDT,,SPOT,2.4199676,2.51720714,2.444022,0.0951984,0.0,TIMEOUT,0,momentum_long,momentum positive momentum | range=9.54% | change=4.23% | vol=5.00 | score=9 | confirmed
2026-05-12 05:48:08,TONUSDT,BUY,SPOT,2.4519804,2.54946429,0.0,0.0,0.0,OPEN,0,momentum_long,momentum positive momentum | range=9.41% | change=5.38% | vol=5.00 | score=10 | confirmed
2026-05-12 06:10:26,TONUSDT,,SPOT,2.4519804,2.54946429,2.4770088,0.09840593,0.0,TIMEOUT,0,momentum_long,momentum positive momentum | range=9.41% | change=5.38% | vol=5.00 | score=10 | confirmed
2026-05-12 06:46:55,TONUSDT,BUY,SPOT,2.485994,2.58147143,0.0,0.0,0.0,OPEN,0,momentum_long,momentum positive momentum | range=9.32% | change=8.26% | vol=5.00 | score=10 | confirmed
2026-05-12 06:54:03,ORDIUSDT,SHORT,FUT,4.8700512,4.74828571,4.8109236,0.14563448,0.13132762,STALL,10291,momentum_short,momentum negative momentum | range=8.84% | change=-5.20% | vol=1.68 | score=9 | confirmed
2026-05-12 06:54:04,TONUSDT,LONG,FUT,2.4439772,2.50731429,0.0,0.0,0.0,OPEN,0,momentum_long,momentum positive momentum | range=9.47% | change=6.45% | vol=5.00 | score=10 | confirmed
2026-05-12 07:03:46,TONUSDT,,SPOT,2.485994,2.58147143,2.4200316,-0.34222177,0.0,SL,0,momentum_long,momentum positive momentum | range=9.32% | change=8.26% | vol=5.00 | score=10 | confirmed
2026-05-12 07:31:55,TONUSDT,LONG,FUT,2.4439772,2.50731429,2.46711276,0.11364172,0.09916777,STALL,2271,momentum_long,momentum positive momentum | range=9.47% | change=6.45% | vol=5.00 | score=10 | confirmed
2026-05-12 07:31:57,SAHARAUSDT,LONG,FUT,0.0427771,0.04518143,0.0,0.0,0.0,OPEN,0,momentum_long,momentum positive momentum | range=16.03% | change=17.32% | vol=1.69 | score=10 | confirmed
2026-05-12 07:33:48,TONUSDT,BUY,SPOT,2.4729888,2.58767143,0.0,0.0,0.0,OPEN,0,momentum_long,momentum positive momentum | range=9.72% | change=8.06% | vol=5.00 | score=10 | confirmed
2026-05-12 07:49:14,SAHARAUSDT,LONG,FUT,0.0427771,0.04518143,0.0427229,-0.01520935,-0.02960599,BU,1036,momentum_long,momentum positive momentum | range=16.03% | change=17.32% | vol=1.69 | score=10 | confirmed
2026-05-12 07:49:15,ORDIUSDT,SHORT,FUT,4.7740896,4.64542857,0.0,0.0,0.0,OPEN,0,momentum_short,momentum negative momentum | range=9.55% | change=-6.70% | vol=1.72 | score=10 | confirmed
2026-05-12 10:46:04,ORDIUSDT,SHORT,FUT,4.7740896,4.64542857,4.7308916,0.10853769,0.09420857,STALL,10609,momentum_short,momentum negative momentum | range=9.55% | change=-6.70% | vol=1.72 | score=10 | confirmed
2026-05-12 10:46:09,ORDIUSDT,SHORT,FUT,4.7271084,4.59642857,0.0,0.0,0.0,OPEN,0,momentum_short,momentum negative momentum | range=9.55% | change=-7.87% | vol=1.69 | score=10 | confirmed
2026-05-12 11:20:48,TONUSDT,,SPOT,2.4729888,2.58767143,2.3900436,-0.42625356,0.0,SL,0,momentum_long,momentum positive momentum | range=9.72% | change=8.06% | vol=5.00 | score=10 | confirmed
2026-05-12 13:30:35,ORDIUSDT,SHORT,FUT,4.7271084,4.59642857,4.6958776,0.07924923,0.06490254,STALL,9866,momentum_short,momentum negative momentum | range=9.55% | change=-7.87% | vol=1.69 | score=10 | confirmed
2026-05-12 13:30:36,COINUSDT,LONG,FUT,214.205648,214.50428571,0.0,0.0,0.0,OPEN,0,momentum_long,momentum positive momentum | range=11.63% | change=9.31% | vol=1.86 | score=10 | confirmed
2026-05-12 13:30:43,COINUSDT,LONG,FUT,214.205648,214.50428571,213.36462,-0.0785567,-0.10251916,SL,6,momentum_long,momentum positive momentum | range=11.63% | change=9.31% | vol=1.86 | score=10 | confirmed
2026-05-12 13:30:47,RKLBUSDT,LONG,FUT,115.99638,117.33571429,0.0,0.0,0.0,OPEN,0,momentum_long,momentum positive momentum | range=17.02% | change=9.52% | vol=1.95 | score=10 | confirmed
2026-05-12 13:31:17,RKLBUSDT,LONG,FUT,115.99638,117.33571429,114.734088,-0.2177304,-0.24160936,SL,30,momentum_long,momentum positive momentum | range=17.02% | change=9.52% | vol=1.95 | score=10 | confirmed
2026-05-12 13:31:22,ORDIUSDT,SHORT,FUT,4.6821264,4.57228571,0.0,0.0,0.0,OPEN,0,momentum_short,momentum negative momentum | range=9.37% | change=-8.13% | vol=1.65 | score=10 | confirmed
2026-05-12 14:14:28,ORDIUSDT,SHORT,FUT,4.6821264,4.57228571,4.6778704,0.0109035,-0.0034842,STALL,2586,momentum_short,momentum negative momentum | range=9.37% | change=-8.13% | vol=1.65 | score=10 | confirmed
2026-05-12 14:14:32,PENDLEUSDT,LONG,FUT,2.08063192,2.10711429,0.0,0.0,0.0,OPEN,0,momentum_long,momentum positive momentum | range=14.02% | change=7.23% | vol=1.66 | score=10 | confirmed
2026-05-12 14:27:51,PENDLEUSDT,LONG,FUT,2.08063192,2.10711429,2.079168,-0.0084465,-0.0228472,BU,798,momentum_long,momentum positive momentum | range=14.02% | change=7.23% | vol=1.66 | score=10 | confirmed
2026-05-12 14:27:54,LDOUSDT,SHORT,FUT,0.39444216,0.38965714,0.0,0.0,0.0,OPEN,0,momentum_short,momentum negative momentum | range=15.69% | change=-7.52% | vol=2.30 | score=10 | confirmed
2026-05-12 14:39:09,LDOUSDT,SHORT,FUT,0.39444216,0.38965714,0.39305716,0.0210593,0.01387482,BU,675,momentum_short,momentum negative momentum | range=15.69% | change=-7.52% | vol=2.30 | score=10 | confirmed
2026-05-12 14:39:10,ONDOUSDT,SHORT,FUT,0.39814068,0.3895,0.0,0.0,0.0,OPEN,0,momentum_short,momentum negative momentum | range=12.42% | change=-5.84% | vol=5.00 | score=10 | confirmed
2026-05-12 15:03:54,ONDOUSDT,SHORT,FUT,0.39814068,0.3895,0.39555816,0.07780628,0.06345872,STALL,1484,momentum_short,momentum negative momentum | range=12.42% | change=-5.84% | vol=5.00 | score=10 | confirmed
2026-05-12 15:03:58,UBUSDT,LONG,FUT,0.16367544,0.16911286,0.0,0.0,0.0,OPEN,0,momentum_long,momentum positive momentum | range=21.97% | change=7.49% | vol=1.82 | score=10 | confirmed
2026-05-12 15:46:37,UBUSDT,LONG,FUT,0.16367544,0.16911286,0.16087562,-0.34225487,-0.36605912,SL,2559,momentum_long,momentum positive momentum | range=21.97% | change=7.49% | vol=1.82 | score=10 | confirmed
2026-05-12 15:46:39,ONDOUSDT,SHORT,FUT,0.3913434,0.38185714,0.0,0.0,0.0,OPEN,0,momentum_short,momentum negative momentum | range=14.07% | change=-9.95% | vol=5.00 | score=10 | confirmed
2026-05-12 16:15:24,ONDOUSDT,SHORT,FUT,0.3913434,0.38185714,0.39085628,0.01493088,0.0005456,STALL,1725,momentum_short,momentum negative momentum | range=14.07% | change=-9.95% | vol=5.00 | score=10 | confirmed
2026-05-12 16:15:28,ENAUSDT,SHORT,FUT,0.1204518,0.11787143,0.0,0.0,0.0,OPEN,0,momentum_short,momentum negative momentum | range=9.86% | change=-8.64% | vol=2.75 | score=10 | confirmed
2026-05-12 17:03:10,ENAUSDT,SHORT,FUT,0.1204518,0.11787143,0.12034812,0.01032498,-0.00406307,STALL,2862,momentum_short,momentum negative momentum | range=9.86% | change=-8.64% | vol=2.75 | score=10 | confirmed
2026-05-12 17:03:11,INJUSDT,LONG,FUT,4.7098832,4.75914286,0.0,0.0,0.0,OPEN,0,momentum_long,momentum positive momentum | range=12.40% | change=7.37% | vol=2.63 | score=10 | confirmed
2026-05-12 17:16:07,INJUSDT,LONG,FUT,4.7098832,4.75914286,4.7990796,0.11367426,0.10640317,TP2,776,momentum_long,momentum positive momentum | range=12.40% | change=7.37% | vol=2.63 | score=10 | confirmed
2026-05-12 17:16:07,VIRTUALUSDT,SHORT,FUT,0.80837652,0.79488571,0.0,0.0,0.0,OPEN,0,momentum_short,momentum negative momentum | range=9.59% | change=-6.83% | vol=1.98 | score=10 | confirmed
2026-05-12 17:45:55,AAVEUSDT,SHORT,FUT,95.621736,95.15428571,0.0,0.0,0.0,OPEN,0,momentum_short,momentum negative momentum | range=8.69% | change=-6.61% | vol=2.80 | score=9 | confirmed
2026-05-12 18:38:21,AAVEUSDT,SHORT,FUT,95.621736,95.15428571,96.08842,-0.0975714,-0.12162034,SL,3145,momentum_short,momentum negative momentum | range=8.69% | change=-6.61% | vol=2.80 | score=9 | confirmed
2026-05-12 18:38:23,INJUSDT,LONG,FUT,4.831932,4.89528571,0.0,0.0,0.0,OPEN,0,momentum_long,momentum positive momentum | range=10.37% | change=5.90% | vol=2.70 | score=10 | confirmed
2026-05-12 18:59:55,INJUSDT,LONG,FUT,4.831932,4.89528571,4.778088,-0.22295652,-0.24683235,SL,1291,momentum_long,momentum positive momentum | range=10.37% | change=5.90% | vol=2.70 | score=10 | confirmed
2026-05-12 18:59:57,MUUSDT,SHORT,FUT,742.55286,738.09428571,0.0,0.0,0.0,OPEN,0,momentum_short,momentum negative momentum | range=13.75% | change=-7.94% | vol=5.00 | score=10 | confirmed
2026-05-12 19:00:27,MUUSDT,SHORT,FUT,742.55286,738.09428571,747.0487,-0.12104301,-0.14510604,SL,30,momentum_short,momentum negative momentum | range=13.75% | change=-7.94% | vol=5.00 | score=10 | confirmed
2026-05-12 19:00:28,VIRTUALUSDT,SHORT,FUT,0.80827656,0.80407143,0.0,0.0,0.0,OPEN,0,momentum_short,momentum negative momentum | range=9.59% | change=-7.12% | vol=1.98 | score=10 | confirmed
2026-05-12 19:02:13,VIRTUALUSDT,SHORT,FUT,0.80827656,0.80407143,0.81242484,-0.10260401,-0.12665597,SL,105,momentum_short,momentum negative momentum | range=9.59% | change=-7.12% | vol=1.98 | score=10 | confirmed
2026-05-12 19:02:14,NEARUSDT,LONG,FUT,1.62565,1.64188571,0.0,0.0,0.0,OPEN,0,momentum_long,momentum positive momentum | range=7.91% | change=5.08% | vol=3.72 | score=9 | confirmed
2026-05-12 19:03:45,NEARUSDT,LONG,FUT,1.62565,1.64188571,1.62444996,-0.00886183,-0.02326228,BU,91,momentum_long,momentum positive momentum | range=7.91% | change=5.08% | vol=3.72 | score=9 | confirmed
2026-05-12 19:03:49,UBUSDT,LONG,FUT,0.16517604,0.16919857,0.0,0.0,0.0,OPEN,0,momentum_long,momentum positive momentum | range=21.79% | change=12.75% | vol=1.33 | score=9 | confirmed
2026-05-12 19:14:40,UBUSDT,LONG,FUT,0.16517604,0.16919857,0.16488402,-0.02122367,-0.03561669,BU,650,momentum_long,momentum positive momentum | range=21.79% | change=12.75% | vol=1.33 | score=9 | confirmed
2026-05-12 19:14:44,ORDIUSDT,SHORT,FUT,4.553178,4.52885714,0.0,0.0,0.0,OPEN,0,momentum_short,momentum negative momentum | range=10.66% | change=-8.91% | vol=1.50 | score=9 | confirmed
2026-05-12 19:32:54,ORDIUSDT,SHORT,FUT,4.553178,4.52885714,4.5528204,0.00094209,-0.01345159,BU,1090,momentum_short,momentum negative momentum | range=10.66% | change=-8.91% | vol=1.50 | score=9 | confirmed
2026-05-12 19:36:38,ENAUSDT,SHORT,FUT,0.12135144,0.1205,0.0,0.0,0.0,OPEN,0,momentum_short,momentum negative momentum | range=9.56% | change=-6.75% | vol=2.38 | score=10 | confirmed
2026-05-12 19:53:18,ENAUSDT,SHORT,FUT,0.12135144,0.1205,0.12214884,-0.13136738,-0.1554366,SL,999,momentum_short,momentum negative momentum | range=9.56% | change=-6.75% | vol=2.38 | score=10 | confirmed
2026-05-12 19:53:20,TONUSDT,SHORT,FUT,2.3250696,2.29445714,0.0,0.0,0.0,OPEN,0,momentum_short,momentum negative momentum | range=9.20% | change=-4.84% | vol=5.00 | score=9 | confirmed
2026-05-12 20:36:36,TONUSDT,SHORT,FUT,2.3250696,2.29445714,2.31072392,0.07401039,0.05966055,STALL,2595,momentum_short,momentum negative momentum | range=9.20% | change=-4.84% | vol=5.00 | score=9 | confirmed
2026-05-12 20:36:40,PENDLEUSDT,SHORT,FUT,2.02339032,1.98554286,0.0,0.0,0.0,OPEN,0,momentum_short,momentum negative momentum | range=11.24% | change=-5.61% | vol=1.65 | score=10 | confirmed
2026-05-12 22:01:12,PENDLEUSDT,SHORT,FUT,2.02339032,1.98554286,2.05472156,-0.30956664,-0.33374278,SL,5072,momentum_short,momentum negative momentum | range=11.24% | change=-5.61% | vol=1.65 | score=10 | confirmed
2026-05-12 22:01:13,LABUSDT,SHORT,FUT,4.9400332,4.82143286,0.0,0.0,0.0,OPEN,0,momentum_short,momentum negative momentum | range=21.33% | change=-4.25% | vol=5.00 | score=9 | confirmed
2026-05-13 00:00:33,LABUSDT,SHORT,FUT,4.9400332,4.82143286,4.87986116,0.14610744,0.13180086,STALL,7159,momentum_short,momentum negative momentum | range=21.33% | change=-4.25% | vol=5.00 | score=9 | confirmed
2026-05-13 00:00:34,TONUSDT,SHORT,FUT,2.289084,2.25581429,0.0,0.0,0.0,OPEN,0,momentum_short,momentum negative momentum | range=10.41% | change=-5.58% | vol=5.00 | score=10 | confirmed
2026-05-13 01:04:45,TONUSDT,SHORT,FUT,2.289084,2.25581429,2.31662628,-0.24054393,-0.26467866,SL,3850,momentum_short,momentum negative momentum | range=10.41% | change=-5.58% | vol=5.00 | score=10 | confirmed
2026-05-13 01:04:48,IRYSUSDT,LONG,FUT,0.05424169,0.05592429,0.0,0.0,0.0,OPEN,0,momentum_long,momentum positive momentum | range=19.48% | change=15.05% | vol=1.93 | score=10 | confirmed
2026-05-13 01:04:53,ZECUSDT,BUY,SPOT,584.13356,593.55571429,0.0,0.0,0.0,OPEN,0,momentum_long,momentum positive momentum | range=7.29% | change=4.24% | vol=5.00 | score=8 | confirmed
2026-05-13 01:20:48,IRYSUSDT,LONG,FUT,0.05424169,0.05592429,0.05583766,0.17661003,0.16930119,STALL,960,momentum_long,momentum positive momentum | range=19.48% | change=15.05% | vol=1.93 | score=10 | confirmed
2026-05-13 01:20:50,NEARUSDT,LONG,FUT,1.64995972,1.66791429,0.0,0.0,0.0,OPEN,0,momentum_long,momentum positive momentum | range=10.04% | change=7.86% | vol=4.79 | score=10 | confirmed
2026-05-13 01:35:11,NEARUSDT,LONG,FUT,1.64995972,1.66791429,1.68272664,0.11920301,0.11192861,TP2,861,momentum_long,momentum positive momentum | range=10.04% | change=7.86% | vol=4.79 | score=10 | confirmed
2026-05-13 01:35:16,USELESSUSDT,LONG,FUT,0.07991195,0.08278286,0.0,0.0,0.0,OPEN,0,momentum_long,momentum positive momentum | range=21.78% | change=14.24% | vol=3.18 | score=10 | confirmed
2026-05-13 01:48:09,ZECUSDT,,SPOT,584.13356,593.55571429,577.298988,-0.16432957,0.0,SL,0,momentum_long,momentum positive momentum | range=7.29% | change=4.24% | vol=5.00 | score=8 | confirmed
2026-05-13 01:59:05,USELESSUSDT,LONG,FUT,0.07991195,0.08278286,0.07927828,-0.09519389,-0.10954253,BU,1428,momentum_long,momentum positive momentum | range=21.78% | change=14.24% | vol=3.18 | score=10 | confirmed
2026-05-13 01:59:07,INJUSDT,LONG,FUT,4.9529804,5.03571429,0.0,0.0,0.0,OPEN,0,momentum_long,momentum positive momentum | range=9.57% | change=9.34% | vol=2.59 | score=10 | confirmed
2026-05-13 02:15:09,INJUSDT,LONG,FUT,4.9529804,5.03571429,5.0549772,0.12360751,0.11633047,STALL,961,momentum_long,momentum positive momentum | range=9.57% | change=9.34% | vol=2.59 | score=10 | confirmed
2026-05-13 02:15:09,VVVUSDT,SHORT,FUT,15.558774,15.302,0.0,0.0,0.0,OPEN,0,momentum_short,momentum negative momentum | range=20.69% | change=-10.30% | vol=2.83 | score=10 | confirmed
2026-05-13 02:19:21,ZECUSDT,BUY,SPOT,579.491704,586.41285714,0.0,0.0,0.0,OPEN,0,momentum_long,momentum positive momentum | range=7.92% | change=5.54% | vol=5.00 | score=9 | confirmed
2026-05-13 02:36:59,VVVUSDT,SHORT,FUT,15.558774,15.302,15.3971564,0.06230039,0.05514065,STALL,1310,momentum_short,momentum negative momentum | range=20.69% | change=-10.30% | vol=2.83 | score=10 | confirmed
2026-05-13 02:37:04,NEARUSDT,LONG,FUT,1.67506976,1.69567143,0.0,0.0,0.0,OPEN,0,momentum_long,momentum positive momentum | range=10.16% | change=10.08% | vol=5.00 | score=10 | confirmed
2026-05-13 02:46:08,ZECUSDT,,SPOT,579.491704,586.41285714,586.11546,0.1130715,0.0,TIMEOUT,0,momentum_long,momentum positive momentum | range=7.92% | change=5.54% | vol=5.00 | score=9 | confirmed
2026-05-13 02:49:24,ZECUSDT,BUY,SPOT,588.725396,594.22,0.0,0.0,0.0,OPEN,0,momentum_long,momentum positive momentum | range=8.09% | change=5.67% | vol=5.00 | score=9 | confirmed
2026-05-13 03:01:08,NEARUSDT,LONG,FUT,1.67506976,1.69567143,1.66323444,-0.14136789,-0.16529267,SL,1444,momentum_long,momentum positive momentum | range=10.16% | change=10.08% | vol=5.00 | score=10 | confirmed
2026-05-13 03:01:10,USELESSUSDT,LONG,FUT,0.0797819,0.08184,0.0,0.0,0.0,OPEN,0,momentum_long,momentum positive momentum | range=20.79% | change=10.62% | vol=3.15 | score=10 | confirmed
2026-05-13 03:05:18,USELESSUSDT,LONG,FUT,0.0797819,0.08184,0.07807876,-0.42712075,-0.45087408,SL,247,momentum_long,momentum positive momentum | range=20.79% | change=10.62% | vol=3.15 | score=10 | confirmed
2026-05-13 03:05:22,INJUSDT,LONG,FUT,5.1750692,5.271,0.0,0.0,0.0,OPEN,0,momentum_long,momentum positive momentum | range=12.44% | change=13.70% | vol=2.76 | score=10 | confirmed
2026-05-13 03:08:25,INJUSDT,LONG,FUT,5.1750692,5.271,5.0959608,-0.30585115,-0.32967724,SL,182,momentum_long,momentum positive momentum | range=12.44% | change=13.70% | vol=2.76 | score=10 | confirmed
2026-05-13 03:08:28,ONDOUSDT,SHORT,FUT,0.40113948,0.39791429,0.0,0.0,0.0,OPEN,0,momentum_short,momentum negative momentum | range=14.36% | change=-5.46% | vol=5.00 | score=10 | confirmed
2026-05-13 03:19:40,ZECUSDT,,SPOT,588.725396,594.22,584.546088,-0.10914536,0.0,SL,0,momentum_long,momentum positive momentum | range=8.09% | change=5.67% | vol=5.00 | score=9 | confirmed
2026-05-13 03:28:07,ONDOUSDT,SHORT,FUT,0.40113948,0.39791429,0.40406156,-0.1456307,-0.16970848,SL,1179,momentum_short,momentum negative momentum | range=14.36% | change=-5.46% | vol=5.00 | score=10 | confirmed
2026-05-13 03:28:12,UBUSDT,LONG,FUT,0.17251898,0.17543714,0.0,0.0,0.0,OPEN,0,momentum_long,momentum positive momentum | range=16.61% | change=16.40% | vol=1.46 | score=9 | confirmed
2026-05-13 03:39:09,UBUSDT,LONG,FUT,0.17251898,0.17543714,0.172421,-0.0068177,-0.02121937,BU,656,momentum_long,momentum positive momentum | range=16.61% | change=16.40% | vol=1.46 | score=9 | confirmed
2026-05-13 03:39:12,ZECUSDT,LONG,FUT,587.514912,590.93428571,0.0,0.0,0.0,OPEN,0,momentum_long,momentum positive momentum | range=8.69% | change=5.82% | vol=5.00 | score=9 | confirmed
2026-05-13 03:46:12,ZECUSDT,LONG,FUT,587.514912,590.93428571,584.146248,-0.11472088,-0.13866165,SL,419,momentum_long,momentum positive momentum | range=8.69% | change=5.82% | vol=5.00 | score=9 | confirmed
2026-05-13 03:46:15,MUUSDT,LONG,FUT,783.833408,795.07857143,0.0,0.0,0.0,OPEN,0,momentum_long,momentum positive momentum | range=10.41% | change=3.06% | vol=5.00 | score=9 | confirmed
2026-05-13 03:49:47,ZECUSDT,BUY,SPOT,585.644164,591.05214286,0.0,0.0,0.0,OPEN,0,momentum_long,momentum positive momentum | range=8.72% | change=5.34% | vol=5.00 | score=9 | confirmed
2026-05-13 04:08:40,ZECUSDT,,SPOT,585.644164,591.05214286,581.577276,-0.10729113,0.0,SL,0,momentum_long,momentum positive momentum | range=8.72% | change=5.34% | vol=5.00 | score=9 | confirmed
2026-05-13 04:23:06,MUUSDT,LONG,FUT,783.833408,795.07857143,789.33414,0.08424646,0.06979015,STALL,2210,momentum_long,momentum positive momentum | range=10.41% | change=3.06% | vol=5.00 | score=9 | confirmed
2026-05-13 04:23:07,INJUSDT,LONG,FUT,5.1340528,5.188,0.0,0.0,0.0,OPEN,0,momentum_long,momentum positive momentum | range=12.39% | change=12.93% | vol=2.94 | score=10 | confirmed
2026-05-13 04:27:41,INJUSDT,LONG,FUT,5.1340528,5.188,5.087964,-0.17961341,-0.20351524,SL,274,momentum_long,momentum positive momentum | range=12.39% | change=12.93% | vol=2.94 | score=10 | confirmed
2026-05-13 04:27:44,FARTCOINUSDT,SHORT,FUT,0.23600556,0.23407143,0.0,0.0,0.0,OPEN,0,momentum_short,momentum negative momentum | range=10.01% | change=-5.21% | vol=1.66 | score=10 | confirmed
2026-05-13 04:42:15,LABUSDT,BUY,SPOT,5.22422886,5.46779286,0.0,0.0,0.0,OPEN,0,momentum_long,momentum positive momentum | range=18.88% | change=5.41% | vol=5.00 | score=10 | confirmed
2026-05-13 05:01:44,LABUSDT,,SPOT,5.22422886,5.46779286,5.27775805,0.09887258,0.0,TIMEOUT,0,momentum_long,momentum positive momentum | range=18.88% | change=5.41% | vol=5.00 | score=10 | confirmed
2026-05-13 05:12:19,LABUSDT,BUY,SPOT,5.37257817,5.61418,0.0,0.0,0.0,OPEN,0,momentum_long,momentum positive momentum | range=20.80% | change=8.33% | vol=5.00 | score=10 | confirmed
2026-05-13 05:22:05,FARTCOINUSDT,SHORT,FUT,0.23600556,0.23407143,0.23619444,-0.0096,-0.024,BU,3260,momentum_short,momentum negative momentum | range=10.01% | change=-5.21% | vol=1.66 | score=10 | confirmed
2026-05-13 05:22:09,VVVUSDT,SHORT,FUT,15.0849636,14.89914286,0.0,0.0,0.0,OPEN,0,momentum_short,momentum negative momentum | range=20.48% | change=-16.14% | vol=2.27 | score=10 | confirmed
2026-05-13 05:31:34,VVVUSDT,SHORT,FUT,15.0849636,14.89914286,15.0920344,-0.00562253,-0.02002014,BU,564,momentum_short,momentum negative momentum | range=20.48% | change=-16.14% | vol=2.27 | score=10 | confirmed
2026-05-13 05:31:38,LABUSDT,LONG,FUT,5.27772024,5.41835857,0.0,0.0,0.0,OPEN,0,momentum_long,momentum positive momentum | range=21.18% | change=11.50% | vol=5.00 | score=10 | confirmed
2026-05-13 05:49:11,LABUSDT,LONG,FUT,5.27772024,5.41835857,5.35776604,0.18207365,0.16755864,STALL,1053,momentum_long,momentum positive momentum | range=21.18% | change=11.50% | vol=5.00 | score=10 | confirmed
2026-05-13 05:49:16,ONDOUSDT,SHORT,FUT,0.4033386,0.40091429,0.0,0.0,0.0,OPEN,0,momentum_short,momentum negative momentum | range=11.28% | change=-6.70% | vol=5.00 | score=10 | confirmed
2026-05-13 06:08:28,ONDOUSDT,SHORT,FUT,0.4033386,0.40091429,0.40386148,-0.01555033,-0.0299539,BU,1151,momentum_short,momentum negative momentum | range=11.28% | change=-6.70% | vol=5.00 | score=10 | confirmed
2026-05-13 06:08:29,INJUSDT,LONG,FUT,5.2290908,5.27614286,0.0,0.0,0.0,OPEN,0,momentum_long,momentum positive momentum | range=13.38% | change=12.08% | vol=3.32 | score=10 | confirmed
2026-05-13 06:21:49,INJUSDT,LONG,FUT,5.2290908,5.27614286,5.2558968,0.03077023,0.02354889,BU,799,momentum_long,momentum positive momentum | range=13.38% | change=12.08% | vol=3.32 | score=10 | confirmed
2026-05-13 06:21:50,OPGUSDT,SHORT,FUT,0.29228304,0.288,0.0,0.0,0.0,OPEN,0,momentum_short,momentum negative momentum | range=15.59% | change=-7.17% | vol=1.67 | score=10 | confirmed
2026-05-13 06:43:36,OPGUSDT,SHORT,FUT,0.29228304,0.288,0.28791512,0.089629,0.08248566,STALL,1305,momentum_short,momentum negative momentum | range=15.59% | change=-7.17% | vol=1.67 | score=10 | confirmed
2026-05-13 06:43:40,USELESSUSDT,SHORT,FUT,0.06986204,0.06844429,0.0,0.0,0.0,OPEN,0,momentum_short,momentum negative momentum | range=21.39% | change=-6.68% | vol=3.18 | score=10 | confirmed
2026-05-13 06:49:50,USELESSUSDT,SHORT,FUT,0.06986204,0.06844429,0.07118846,-0.37957476,-0.4037929,SL,370,momentum_short,momentum negative momentum | range=21.39% | change=-6.68% | vol=3.18 | score=10 | confirmed
2026-05-13 06:49:53,FARTCOINUSDT,SHORT,FUT,0.23350656,0.23215714,0.0,0.0,0.0,OPEN,0,momentum_short,momentum negative momentum | range=9.62% | change=-6.67% | vol=1.72 | score=10 | confirmed
2026-05-13 07:08:36,FARTCOINUSDT,SHORT,FUT,0.23350656,0.23215714,0.23329328,0.01095616,-0.0034315,STALL,1122,momentum_short,momentum negative momentum | range=9.62% | change=-6.67% | vol=1.72 | score=10 | confirmed
2026-05-13 07:08:37,ONDOUSDT,SHORT,FUT,0.39944016,0.39724286,0.0,0.0,0.0,OPEN,0,momentum_short,momentum negative momentum | range=9.68% | change=-5.87% | vol=5.00 | score=10 | confirmed
2026-05-13 07:18:07,ONDOUSDT,SHORT,FUT,0.39944016,0.39724286,0.3996598,-0.0065958,-0.02099399,BU,570,momentum_short,momentum negative momentum | range=9.68% | change=-5.87% | vol=5.00 | score=10 | confirmed
2026-05-13 07:18:12,VVVUSDT,SHORT,FUT,14.8200696,14.62757143,0.0,0.0,0.0,OPEN,0,momentum_short,momentum negative momentum | range=20.07% | change=-16.88% | vol=1.98 | score=10 | confirmed
2026-05-13 08:06:19,LABUSDT,,SPOT,5.37257817,5.61418,5.20785602,-0.39170624,0.0,SL,0,momentum_long,momentum positive momentum | range=20.80% | change=8.33% | vol=5.00 | score=10 | confirmed
2026-05-13 08:25:25,VVVUSDT,SHORT,FUT,14.8200696,14.62757143,14.98099,-0.21707865,-0.24119929,SL,4033,momentum_short,momentum negative momentum | range=20.07% | change=-16.88% | vol=1.98 | score=10 | confirmed
2026-05-13 08:25:28,INJUSDT,LONG,FUT,5.5342128,5.57071429,0.0,0.0,0.0,OPEN,0,momentum_long,momentum positive momentum | range=17.97% | change=16.91% | vol=4.30 | score=10 | confirmed
2026-05-13 08:27:02,INJUSDT,LONG,FUT,5.5342128,5.57071429,5.4978,-0.13164425,-0.15557487,SL,94,momentum_long,momentum positive momentum | range=17.97% | change=16.91% | vol=4.30 | score=10 | confirmed
2026-05-13 08:27:03,UBUSDT,LONG,FUT,0.18465383,0.18662857,0.0,0.0,0.0,OPEN,0,momentum_long,momentum positive momentum | range=19.35% | change=15.84% | vol=1.75 | score=10 | confirmed
2026-05-13 08:31:14,UBUSDT,LONG,FUT,0.18465383,0.18662857,0.18560573,0.03094262,0.02372117,BU,251,momentum_long,momentum positive momentum | range=19.35% | change=15.84% | vol=1.75 | score=10 | confirmed
2026-05-13 08:31:15,TONUSDT,SHORT,FUT,2.2580964,2.23725714,0.0,0.0,0.0,OPEN,0,momentum_short,momentum negative momentum | range=9.26% | change=-6.29% | vol=5.00 | score=10 | confirmed
2026-05-13 08:36:22,LABUSDT,BUY,SPOT,5.2831224,5.38421429,0.0,0.0,0.0,OPEN,0,momentum_long,momentum positive momentum | range=21.16% | change=14.52% | vol=5.00 | score=10 | confirmed
2026-05-13 08:49:49,LABUSDT,,SPOT,5.2831224,5.38421429,5.67674839,0.4347647,0.0,TP2,0,momentum_long,momentum positive momentum | range=21.16% | change=14.52% | vol=5.00 | score=10 | confirmed
2026-05-13 08:51:17,TONUSDT,SHORT,FUT,2.2580964,2.23725714,2.27631016,-0.16125507,-0.18534222,SL,1201,momentum_short,momentum negative momentum | range=9.26% | change=-6.29% | vol=5.00 | score=10 | confirmed
2026-05-13 08:51:19,TIAUSDT,LONG,FUT,0.50040008,0.50558571,0.0,0.0,0.0,OPEN,0,momentum_long,momentum positive momentum | range=16.18% | change=10.67% | vol=1.63 | score=10 | confirmed
2026-05-13 09:19:02,TIAUSDT,LONG,FUT,0.50040008,0.50558571,0.50919624,0.10551172,0.09824553,STALL,1662,momentum_long,momentum positive momentum | range=16.18% | change=10.67% | vol=1.63 | score=10 | confirmed
2026-05-13 09:19:02,ESPORTSUSDT,LONG,FUT,0.62488986,0.63439571,0.0,0.0,0.0,OPEN,0,momentum_long,momentum positive momentum | range=15.95% | change=17.20% | vol=2.63 | score=10 | confirmed
2026-05-13 09:30:58,ESPORTSUSDT,LONG,FUT,0.62488986,0.63439571,0.62569962,0.01555635,0.00114126,BU,715,momentum_long,momentum positive momentum | range=15.95% | change=17.20% | vol=2.63 | score=10 | confirmed
2026-05-13 09:30:59,MUUSDT,LONG,FUT,814.545688,825.33571429,0.0,0.0,0.0,OPEN,0,momentum_long,momentum positive momentum | range=13.58% | change=4.22% | vol=5.00 | score=9 | confirmed
2026-05-13 09:32:59,DOGEUSDT,BUY,SPOT,0.11348538,0.11399286,0.0,0.0,0.0,OPEN,0,momentum_long,momentum positive momentum | range=5.23% | change=3.44% | vol=5.00 | score=8 | confirmed
2026-05-13 09:39:13,DOGEUSDT,,SPOT,0.11348538,0.11399286,0.11413433,0.02228464,0.0,BU,0,momentum_long,momentum positive momentum | range=5.23% | change=3.44% | vol=5.00 | score=8 | confirmed
2026-05-13 11:11:47,MUUSDT,LONG,FUT,814.545688,825.33571429,805.417704,-0.22421419,-0.24808926,SL,6048,momentum_long,momentum positive momentum | range=13.58% | change=4.22% | vol=5.00 | score=9 | confirmed
2026-05-13 11:11:51,TONUSDT,SHORT,FUT,2.22700884,2.20867143,0.0,0.0,0.0,OPEN,0,momentum_short,momentum negative momentum | range=9.89% | change=-9.26% | vol=5.00 | score=10 | confirmed
2026-05-13 12:12:06,MUUSDT,LONG,FUT,813.3252,816.44,0.0,0.0,0.0,OPEN,0,momentum_long,momentum positive momentum | range=13.62% | change=5.32% | vol=2.74 | score=10 | confirmed
2026-05-13 12:37:03,SUIUSDT,SHORT,FUT,1.21971192,1.21168571,0.0,0.0,0.0,OPEN,0,momentum_short,momentum negative momentum | range=5.35% | change=-3.22% | vol=4.02 | score=8 | confirmed
2026-05-13 13:22:15,NEARUSDT,LONG,FUT,1.59443752,1.6138,0.0,0.0,0.0,OPEN,0,momentum_long,momentum positive momentum | range=11.09% | change=3.00% | vol=1.25 | score=8 | confirmed
2026-05-13 13:47:09,SUIUSDT,SHORT,FUT,1.21221492,1.20365714,0.0,0.0,0.0,OPEN,0,momentum_short,momentum negative momentum | range=5.26% | change=-3.45% | vol=3.85 | score=8 | confirmed
2026-05-13 14:04:41,SOLUSDT,SHORT,FUT,91.6553232,91.327,0.0,0.0,0.0,OPEN,0,momentum_short,momentum negative momentum | range=5.09% | change=-3.29% | vol=5.00 | score=8 | confirmed
2026-05-13 14:05:45,SOLUSDT,SHORT,FUT,91.6553232,91.327,92.0027864,-0.07578921,-0.09982508,SL,64,momentum_short,momentum negative momentum | range=5.09% | change=-3.29% | vol=5.00 | score=8 | confirmed
2026-05-15 06:34:25,MUUSDT,LONG,FUT,768.85742,771.03714286,0.0,0.0,0.0,OPEN,0,trend_follow_v1.7,ADX:30.57 | trend strength ok | 4H Trend Up | RSI Bullish | Volume OK
2026-05-15 06:35:05,MUUSDT,LONG,FUT,768.85742,771.03714286,766.183404,-0.069586,-0.09355385,SL,39,trend_follow_v1.7,ADX:30.57 | trend strength ok | 4H Trend Up | RSI Bullish | Volume OK
2026-05-15 06:35:11,MUUSDT,LONG,FUT,767.977068,770.15714286,0.0,0.0,0.0,OPEN,0,trend_follow_v1.7,ADX:30.57 | trend strength ok | 4H Trend Up | RSI Bullish | Volume OK
2026-05-15 06:35:33,MUUSDT,LONG,FUT,767.977068,770.15714286,764.79396,-0.08292907,-0.10688891,SL,22,trend_follow_v1.7,ADX:30.57 | trend strength ok | 4H Trend Up | RSI Bullish | Volume OK
2026-05-15 06:56:04,MUUSDT,LONG,FUT,767.927048,769.54,0.0,0.0,0.0,OPEN,0,trend_follow_v1.7,ADX:67.0 | trend strength ok | 4H Trend Up | RSI Bullish | Volume OK
2026-05-15 06:56:26,MUUSDT,LONG,FUT,767.927048,769.54,767.582844,-0.00538085,-0.01978339,BU,21,trend_follow_v1.7,ADX:67.0 | trend strength ok | 4H Trend Up | RSI Bullish | Volume OK
2026-05-15 07:11:06,ZECUSDT,LONG,FUT,546.988708,555.31428571,0.0,0.0,0.0,OPEN,0,momentum_long,momentum positive momentum | range=9.59% | change=4.03% | vol=2.65 | score=9 | confirmed
2026-05-15 07:21:45,SOLUSDT,BUY,SPOT,91.596624,91.953,0.0,0.0,0.0,OPEN,0,trend_follow_v1.7,ADX:61.25 | trend strength ok | 4H Trend Up | RSI Bullish | Volume OK
2026-05-15 07:23:01,BTCUSDT,BUY,SPOT,80890.333196,81076.51857143,0.0,0.0,0.0,OPEN,0,trend_follow_v1.7,ADX:56.81 | trend strength ok | 4H Trend Up | RSI Bullish | Volume OK
2026-05-15 07:23:21,XRPUSDT,BUY,SPOT,1.473089,1.48366429,0.0,0.0,0.0,OPEN,0,trend_follow_v1.7,ADX:31.15 | trend strength ok | 4H Trend Up | RSI Bullish | Volume OK
2026-05-15 07:31:45,DOGEUSDT,BUY,SPOT,0.11514604,0.11583071,0.0,0.0,0.0,OPEN,0,trend_follow_v1.7,ADX:44.35 | trend strength ok | 4H Trend Up | RSI Bullish | Volume OK
2026-05-15 07:32:12,SOLUSDT,,SPOT,91.596624,91.953,91.293468,-0.10616996,0.0,SL,0,trend_follow_v1.7,ADX:61.25 | trend strength ok | 4H Trend Up | RSI Bullish | Volume OK
2026-05-15 07:42:16,HYPEUSDT,LONG,FUT,46.488588,46.76957143,0.0,0.0,0.0,OPEN,0,trend_follow_v1.7,ADX:35.87 | trend strength ok | 4H Trend Up | RSI Bullish | Volume OK
2026-05-15 07:50:41,HYPEUSDT,LONG,FUT,46.488588,46.76957143,46.721304,0.03004726,0.02282635,STALL,504,trend_follow_v1.7,ADX:35.87 | trend strength ok | 4H Trend Up | RSI Bullish | Volume OK
2026-05-15 07:50:45,HYPEUSDT,LONG,FUT,46.758696,47.02514286,0.0,0.0,0.0,OPEN,0,trend_follow_v1.7,ADX:59.85 | trend strength ok | 4H Trend Up | RSI Bullish | Volume OK
2026-05-15 08:01:29,HYPEUSDT,LONG,FUT,46.758696,47.02514286,46.4923956,-0.11394968,-0.13789091,SL,644,trend_follow_v1.7,ADX:59.85 | trend strength ok | 4H Trend Up | RSI Bullish | Volume OK
2026-05-15 08:04:46,CLUSDT,LONG,FUT,99.3667308,99.58171429,0.0,0.0,0.0,OPEN,0,trend_follow_v1.7,ADX:28.41 | trend strength ok | 4H Trend Up | RSI Bullish | Volume OK
2026-05-15 08:06:40,CLUSDT,LONG,FUT,99.3667308,99.58171429,99.3232548,-0.00525247,-0.01965508,BU,114,trend_follow_v1.7,ADX:28.41 | trend strength ok | 4H Trend Up | RSI Bullish | Volume OK
2026-05-15 08:06:42,CLUSDT,LONG,FUT,99.4027452,99.60742857,0.0,0.0,0.0,OPEN,0,trend_follow_v1.7,ADX:32.74 | trend strength ok | 4H Trend Up | RSI Bullish | Volume OK
2026-05-15 08:09:36,CLUSDT,LONG,FUT,99.4027452,99.60742857,99.3412476,-0.00742702,-0.02182833,BU,174,trend_follow_v1.7,ADX:32.74 | trend strength ok | 4H Trend Up | RSI Bullish | Volume OK
2026-05-15 08:13:19,CLUSDT,LONG,FUT,99.4757744,99.66885714,0.0,0.0,0.0,OPEN,0,trend_follow_v1.7,ADX:41.21 | trend strength ok | 4H Trend Up | RSI Bullish | Volume OK
2026-05-15 08:14:18,CLUSDT,LONG,FUT,99.4757744,99.66885714,99.4262136,-0.00598103,-0.0203832,BU,59,trend_follow_v1.7,ADX:41.21 | trend strength ok | 4H Trend Up | RSI Bullish | Volume OK
2026-05-15 08:15:20,BCHUSDT,SHORT,FUT,433.216644,432.78857143,0.0,0.0,0.0,OPEN,0,trend_short_v1.8.1,ADX:48.26 | trend strength ok | 4H Trend Down | RSI Bearish | below EMA20 | below EMA50
2026-05-15 08:15:53,BCHUSDT,SHORT,FUT,433.216644,432.78857143,433.413296,-0.00544504,-0.01984254,BU,33,trend_short_v1.8.1,ADX:48.26 | trend strength ok | 4H Trend Down | RSI Bearish | below EMA20 | below EMA50
2026-05-15 08:15:55,BCHUSDT,SHORT,FUT,433.166664,432.73857143,0.0,0.0,0.0,OPEN,0,trend_short_v1.8.1,ADX:48.26 | trend strength ok | 4H Trend Down | RSI Bearish | below EMA20 | below EMA50
2026-05-15 08:18:05,BCHUSDT,SHORT,FUT,433.166664,432.73857143,433.47332,-0.00849188,-0.02289122,BU,129,trend_short_v1.8.1,ADX:48.26 | trend strength ok | 4H Trend Down | RSI Bearish | below EMA20 | below EMA50
2026-05-15 08:18:07,BCHUSDT,SHORT,FUT,433.12668,432.69857143,0.0,0.0,0.0,OPEN,0,trend_short_v1.8.1,ADX:54.59 | trend strength ok | 4H Trend Down | RSI Bearish | below EMA20 | below EMA50
2026-05-15 08:20:25,BCHUSDT,SHORT,FUT,433.12668,432.69857143,433.363276,-0.00655239,-0.02095057,BU,138,trend_short_v1.8.1,ADX:54.59 | trend strength ok | 4H Trend Down | RSI Bearish | below EMA20 | below EMA50
2026-05-15 08:30:17,SUIUSDT,SHORT,FUT,1.14214296,1.13657143,0.0,0.0,0.0,OPEN,0,momentum_short,momentum negative momentum | range=7.20% | change=-4.03% | vol=3.63 | score=8 | confirmed
2026-05-15 08:32:29,SUIUSDT,SHORT,FUT,1.14214296,1.13657143,1.14775892,-0.09830142,-0.1223508,SL,132,momentum_short,momentum negative momentum | range=7.20% | change=-4.03% | vol=3.63 | score=8 | confirmed
2026-05-15 08:59:34,SUIUSDT,SHORT,FUT,1.14474192,1.13912857,0.0,0.0,0.0,OPEN,0,momentum_short,momentum negative momentum | range=7.52% | change=-4.05% | vol=3.67 | score=8 | confirmed
2026-05-15 09:11:15,SUIUSDT,SHORT,FUT,1.14474192,1.13912857,1.14535796,-0.00645519,-0.0208533,BU,700,momentum_short,momentum negative momentum | range=7.52% | change=-4.05% | vol=3.67 | score=8 | confirmed
2026-05-15 09:16:27,SUIUSDT,SHORT,FUT,1.13864436,1.13278571,0.0,0.0,0.0,OPEN,0,momentum_short,momentum negative momentum | range=7.52% | change=-4.70% | vol=3.75 | score=8 | confirmed
2026-05-15 09:17:36,SUIUSDT,SHORT,FUT,1.13864436,1.13278571,1.13915548,-0.00538446,-0.01978193,BU,69,momentum_short,momentum negative momentum | range=7.52% | change=-4.70% | vol=3.75 | score=8 | confirmed
2026-05-15 10:52:21,ZECUSDT,LONG,FUT,539.155576,546.07571429,0.0,0.0,0.0,OPEN,0,momentum_long,momentum positive momentum | range=9.65% | change=3.23% | vol=2.78 | score=9 | confirmed
2026-05-15 11:23:57,ZECUSDT,LONG,FUT,539.155576,546.07571429,533.33658,-0.21594226,-0.23982229,SL,1895,momentum_long,momentum positive momentum | range=9.65% | change=3.23% | vol=2.78 | score=9 | confirmed
2026-05-15 11:48:11,HYPEUSDT,LONG,FUT,45.728284,46.45414286,0.0,0.0,0.0,OPEN,0,momentum_long,momentum positive momentum | range=17.78% | change=17.13% | vol=5.00 | score=10 | confirmed
2026-05-15 12:44:55,HYPEUSDT,LONG,FUT,45.728284,46.45414286,45.091956,-0.2784196,-0.30226215,SL,3404,momentum_long,momentum positive momentum | range=17.78% | change=17.13% | vol=5.00 | score=10 | confirmed
2026-05-15 12:44:57,SUIUSDT,SHORT,FUT,1.12455,1.11734286,0.0,0.0,0.0,OPEN,0,momentum_short,momentum negative momentum | range=9.03% | change=-6.46% | vol=4.24 | score=10 | confirmed
2026-05-15 13:02:30,SUIUSDT,SHORT,FUT,1.12455,1.11734286,1.12524992,-0.00746581,-0.02186453,BU,1053,momentum_short,momentum negative momentum | range=9.03% | change=-6.46% | vol=4.24 | score=10 | confirmed
2026-05-15 13:02:35,ETHUSDT,SHORT,FUT,2248.160376,2241.54,0.0,0.0,0.0,OPEN,0,trend_short_v1.8.1,ADX:52.53 | trend strength ok | 4H Trend Down | RSI Bearish | Volume OK | below EMA20 | below EMA50
2026-05-15 13:03:17,ETHUSDT,SHORT,FUT,2248.160376,2241.54,2249.09928,-0.00500958,-0.01940682,BU,41,trend_short_v1.8.1,ADX:52.53 | trend strength ok | 4H Trend Down | RSI Bearish | Volume OK | below EMA20 | below EMA50
2026-05-15 13:03:20,BCHUSDT,SHORT,FUT,429.688056,428.90714286,0.0,0.0,0.0,OPEN,0,trend_short_v1.8.1,ADX:70.96 | trend strength ok | 4H Trend Down | RSI Bearish | below EMA20 | below EMA50
2026-05-15 13:09:33,BCHUSDT,SHORT,FUT,429.688056,428.90714286,429.891888,-0.00569019,-0.02008784,BU,372,trend_short_v1.8.1,ADX:70.96 | trend strength ok | 4H Trend Down | RSI Bearish | below EMA20 | below EMA50
2026-05-15 13:09:38,SUIUSDT,SHORT,FUT,1.1230506,1.1163,0.0,0.0,0.0,OPEN,0,momentum_short,momentum negative momentum | range=9.15% | change=-7.03% | vol=4.24 | score=10 | confirmed
2026-05-15 13:32:51,SUIUSDT,SHORT,FUT,1.1230506,1.1163,1.11934756,0.01977591,0.01259066,STALL,1392,momentum_short,momentum negative momentum | range=9.15% | change=-7.03% | vol=4.24 | score=10 | confirmed
2026-05-15 13:32:53,SUIUSDT,SHORT,FUT,1.11845244,1.11215714,0.0,0.0,0.0,OPEN,0,momentum_short,momentum negative momentum | range=9.69% | change=-7.67% | vol=4.24 | score=10 | confirmed
2026-05-15 13:34:44,SUIUSDT,SHORT,FUT,1.11845244,1.11215714,1.11904744,-0.00638127,-0.02077934,BU,110,momentum_short,momentum negative momentum | range=9.69% | change=-7.67% | vol=4.24 | score=10 | confirmed
2026-05-15 13:34:49,ETHUSDT,SHORT,FUT,2238.034428,2232.37142857,0.0,0.0,0.0,OPEN,0,trend_short_v1.8.1,ADX:76.58 | trend strength ok | 4H Trend Down | RSI Bearish | Volume OK | below EMA20 | below EMA50
2026-05-15 13:39:16,ETHUSDT,SHORT,FUT,2238.034428,2232.37142857,2228.120892,0.02656679,0.01938561,TP2,267,trend_short_v1.8.1,ADX:76.58 | trend strength ok | 4H Trend Down | RSI Bearish | Volume OK | below EMA20 | below EMA50
2026-05-15 13:39:21,MUUSDT,SHORT,FUT,734.046264,728.23857143,0.0,0.0,0.0,OPEN,0,momentum_short,momentum negative momentum | range=10.41% | change=-8.35% | vol=1.66 | score=10 | confirmed
2026-05-15 13:40:07,MUUSDT,SHORT,FUT,734.046264,728.23857143,734.773792,-0.01188868,-0.02629005,BU,45,momentum_short,momentum negative momentum | range=10.41% | change=-8.35% | vol=1.66 | score=10 | confirmed
2026-05-15 13:40:12,SUIUSDT,SHORT,FUT,1.11545364,1.10924286,0.0,0.0,0.0,OPEN,0,momentum_short,momentum negative momentum | range=9.97% | change=-7.66% | vol=4.28 | score=10 | confirmed
2026-05-15 13:46:46,SUIUSDT,SHORT,FUT,1.11545364,1.10924286,1.11614628,-0.00744841,-0.02184712,BU,394,momentum_short,momentum negative momentum | range=9.97% | change=-7.66% | vol=4.28 | score=10 | confirmed
2026-05-15 13:46:50,ETHUSDT,SHORT,FUT,2225.569416,2219.61142857,0.0,0.0,0.0,OPEN,0,trend_short_v1.8.1,ADX:83.05 | trend strength ok | 4H Trend Down | RSI Bearish | Volume OK | below EMA20 | below EMA50
2026-05-15 13:47:29,ETHUSDT,SHORT,FUT,2225.569416,2219.61142857,2232.582676,-0.0629992,-0.0870274,SL,39,trend_short_v1.8.1,ADX:83.05 | trend strength ok | 4H Trend Down | RSI Bearish | Volume OK | below EMA20 | below EMA50
2026-05-15 13:47:30,MUUSDT,SHORT,FUT,731.65722,725.35428571,0.0,0.0,0.0,OPEN,0,momentum_short,momentum negative momentum | range=10.54% | change=-9.84% | vol=1.70 | score=10 | confirmed
2026-05-15 13:52:34,MUUSDT,SHORT,FUT,731.65722,725.35428571,732.362828,-0.01156813,-0.02596931,BU,303,momentum_short,momentum negative momentum | range=10.54% | change=-9.84% | vol=1.70 | score=10 | confirmed
2026-05-15 13:52:37,SUIUSDT,SHORT,FUT,1.10125932,1.09422857,0.0,0.0,0.0,OPEN,0,momentum_short,momentum negative momentum | range=11.33% | change=-9.03% | vol=4.41 | score=10 | confirmed
2026-05-15 13:53:11,SUIUSDT,SHORT,FUT,1.10125932,1.09422857,1.10214068,-0.0096,-0.024,BU,33,momentum_short,momentum negative momentum | range=11.33% | change=-9.03% | vol=4.41 | score=10 | confirmed
2026-05-15 13:53:13,ETHUSDT,SHORT,FUT,2217.342708,2211.05,0.0,0.0,0.0,OPEN,0,trend_short_v1.8.1,ADX:86.48 | trend strength ok | 4H Trend Down | RSI Bearish | Volume OK | below EMA20 | below EMA50
2026-05-15 13:54:04,ETHUSDT,SHORT,FUT,2217.342708,2211.05,2224.669512,-0.06605991,-0.09008995,SL,51,trend_short_v1.8.1,ADX:86.48 | trend strength ok | 4H Trend Down | RSI Bearish | Volume OK | below EMA20 | below EMA50
2026-05-15 13:54:08,OPUSDT,SHORT,FUT,0.1369452,0.13625714,0.0,0.0,0.0,OPEN,0,trend_short_v1.8.1,ADX:96.36 | trend strength ok | 4H Trend Down | RSI Bearish | below EMA20 | below EMA50
2026-05-15 13:57:03,OPUSDT,SHORT,FUT,0.1369452,0.13625714,0.13575428,0.05215708,0.04499125,TP2,174,trend_short_v1.8.1,ADX:96.36 | trend strength ok | 4H Trend Down | RSI Bearish | below EMA20 | below EMA50
2026-05-15 13:57:04,APTUSDT,SHORT,FUT,0.97590948,0.97114286,0.0,0.0,0.0,OPEN,0,trend_short_v1.8.1,ADX:85.26 | trend strength ok | 4H Trend Down | RSI Bearish | below EMA20 | below EMA50
2026-05-15 13:57:50,APTUSDT,SHORT,FUT,0.97590948,0.97114286,0.9763904,-0.00591113,-0.02030892,BU,46,trend_short_v1.8.1,ADX:85.26 | trend strength ok | 4H Trend Down | RSI Bearish | below EMA20 | below EMA50
2026-05-15 13:57:54,ARBUSDT,SHORT,FUT,0.12335064,0.12265714,0.0,0.0,0.0,OPEN,0,trend_short_v1.8.1,ADX:80.77 | trend strength ok | 4H Trend Down | RSI Bearish | below EMA20 | below EMA50
2026-05-15 13:59:17,ARBUSDT,SHORT,FUT,0.12335064,0.12265714,0.12344936,-0.0096,-0.024,BU,82,trend_short_v1.8.1,ADX:80.77 | trend strength ok | 4H Trend Down | RSI Bearish | below EMA20 | below EMA50
2026-05-15 13:59:20,MUUSDT,SHORT,FUT,728.518476,721.02285714,0.0,0.0,0.0,OPEN,0,momentum_short,momentum negative momentum | range=10.01% | change=-9.01% | vol=1.74 | score=10 | confirmed
2026-05-15 14:02:48,MUUSDT,SHORT,FUT,728.518476,721.02285714,728.981476,-0.00762338,-0.02202219,BU,208,momentum_short,momentum negative momentum | range=10.01% | change=-9.01% | vol=1.74 | score=10 | confirmed
2026-05-15 14:02:52,BCHUSDT,SHORT,FUT,425.0799,424.28142857,0.0,0.0,0.0,OPEN,0,trend_short_v1.8.1,ADX:90.53 | trend strength ok | 4H Trend Down | RSI Bearish | below EMA20 | below EMA50
2026-05-15 14:04:50,BCHUSDT,SHORT,FUT,425.0799,424.28142857,424.899892,0.0025398,-0.0046558,BU,118,trend_short_v1.8.1,ADX:90.53 | trend strength ok | 4H Trend Down | RSI Bearish | below EMA20 | below EMA50
2026-05-15 14:04:53,OPUSDT,SHORT,FUT,0.13514592,0.13444286,0.0,0.0,0.0,OPEN,0,trend_short_v1.8.1,ADX:96.88 | trend strength ok | 4H Trend Down | RSI Bearish | below EMA20 | below EMA50
2026-05-15 14:08:40,OPUSDT,SHORT,FUT,0.13514592,0.13444286,0.13585432,-0.1047929,-0.12884618,SL,226,trend_short_v1.8.1,ADX:96.88 | trend strength ok | 4H Trend Down | RSI Bearish | below EMA20 | below EMA50
2026-05-15 14:46:57,ETHUSDT,SHORT,FUT,2208.476256,2197.26428571,0.0,0.0,0.0,OPEN,0,trend_short_v1.8.1,ADX:62.2 | trend strength ok | 4H Trend Down | RSI Bearish | Volume OK | below EMA20 | below EMA50
2026-05-15 15:19:35,ETHUSDT,SHORT,FUT,2208.476256,2197.26428571,2219.617492,-0.10085487,-0.12490578,SL,1958,trend_short_v1.8.1,ADX:62.2 | trend strength ok | 4H Trend Down | RSI Bearish | Volume OK | below EMA20 | below EMA50
2026-05-15 15:19:38,ZECUSDT,SHORT,FUT,519.582084,515.05,0.0,0.0,0.0,OPEN,0,momentum_short,momentum negative momentum | range=9.51% | change=-6.34% | vol=2.40 | score=10 | confirmed
2026-05-15 15:36:12,ZECUSDT,SHORT,FUT,519.582084,515.05,516.15638,0.03954335,0.03236995,STALL,993,momentum_short,momentum negative momentum | range=9.51% | change=-6.34% | vol=2.40 | score=10 | confirmed
2026-05-15 15:36:16,ZECUSDT,SHORT,FUT,515.74362,511.64,0.0,0.0,0.0,OPEN,0,momentum_short,momentum negative momentum | range=10.14% | change=-5.70% | vol=2.38 | score=10 | confirmed
2026-05-15 15:43:01,ZECUSDT,SHORT,FUT,515.74362,511.64,513.845456,0.02207383,0.01488995,BU,404,momentum_short,momentum negative momentum | range=10.14% | change=-5.70% | vol=2.38 | score=10 | confirmed
2026-05-15 15:43:04,ZECUSDT,SHORT,FUT,513.274608,509.13428571,0.0,0.0,0.0,OPEN,0,momentum_short,momentum negative momentum | range=10.98% | change=-6.27% | vol=2.39 | score=10 | confirmed
2026-05-15 15:52:43,ZECUSDT,SHORT,FUT,513.274608,509.13428571,516.966704,-0.14380681,-0.16788349,SL,578,momentum_short,momentum negative momentum | range=10.98% | change=-6.27% | vol=2.39 | score=10 | confirmed
2026-05-15 15:52:44,CLUSDT,LONG,FUT,100.9673708,101.32114286,0.0,0.0,0.0,OPEN,0,momentum_long,momentum positive momentum | range=5.01% | change=4.64% | vol=2.13 | score=8 | confirmed
2026-05-15 15:55:58,CLUSDT,LONG,FUT,100.9673708,101.32114286,100.9166172,-0.00603449,-0.02043663,BU,194,momentum_long,momentum positive momentum | range=5.01% | change=4.64% | vol=2.13 | score=8 | confirmed
2026-05-15 16:06:55,CLUSDT,LONG,FUT,101.1134292,101.47085714,0.0,0.0,0.0,OPEN,0,momentum_long,momentum positive momentum | range=5.06% | change=4.63% | vol=2.14 | score=8 | confirmed
2026-05-15 16:14:07,CLUSDT,LONG,FUT,101.1134292,101.47085714,100.7326908,-0.07533929,-0.09930369,SL,431,momentum_long,momentum positive momentum | range=5.06% | change=4.63% | vol=2.14 | score=8 | confirmed
2026-05-15 17:18:26,BILLUSDT,SHORT,FUT,0.19187322,0.18337714,0.0,0.0,0.0,OPEN,0,momentum_short,momentum negative momentum | range=21.21% | change=-5.06% | vol=2.50 | score=10 | confirmed
2026-05-15 17:26:12,BILLUSDT,SHORT,FUT,0.19187322,0.18337714,0.18986592,0.12548918,0.11117023,STALL,465,momentum_short,momentum negative momentum | range=21.21% | change=-5.06% | vol=2.50 | score=10 | confirmed
2026-05-15 17:26:15,BILLUSDT,SHORT,FUT,0.18976406,0.18171,0.0,0.0,0.0,OPEN,0,momentum_short,momentum negative momentum | range=21.38% | change=-5.11% | vol=2.50 | score=10 | confirmed
2026-05-15 17:36:41,BILLUSDT,SHORT,FUT,0.18976406,0.18171,0.18812522,0.10359292,0.08926084,STALL,626,momentum_short,momentum negative momentum | range=21.38% | change=-5.11% | vol=2.50 | score=10 | confirmed
2026-05-15 18:00:25,SOLUSDT,LONG,FUT,89.995984,90.42871429,0.0,0.0,0.0,OPEN,0,trend_follow_v1.7,ADX:44.82 | trend strength ok | 4H Trend Up | RSI Bullish | Volume OK
2026-05-15 18:31:15,SOLUSDT,LONG,FUT,89.995984,90.42871429,89.529174,-0.10378168,-0.12772901,SL,1849,trend_follow_v1.7,ADX:44.82 | trend strength ok | 4H Trend Up | RSI Bullish | Volume OK
2026-05-15 18:31:19,CLUSDT,LONG,FUT,101.34052,101.72928571,0.0,0.0,0.0,OPEN,0,trend_follow_v1.7,ADX:88.42 | trend strength ok | 4H Trend Up | RSI Bullish | Volume OK
2026-05-15 18:50:04,CLUSDT,LONG,FUT,101.34052,101.72928571,100.93461,-0.08014018,-0.10410169,SL,1124,trend_follow_v1.7,ADX:88.42 | trend strength ok | 4H Trend Up | RSI Bullish | Volume OK
2026-05-15 19:24:02,HYPEUSDT,LONG,FUT,44.86794,45.32214286,0.0,0.0,0.0,OPEN,0,trend_follow_v1.7,ADX:29.09 | trend strength ok | 4H Trend Up | RSI Bullish | Volume OK
2026-05-15 20:10:40,HYPEUSDT,LONG,FUT,44.86794,45.32214286,44.4662064,-0.17914542,-0.20304753,SL,2797,trend_follow_v1.7,ADX:29.09 | trend strength ok | 4H Trend Up | RSI Bullish | Volume OK
2026-05-15 20:10:43,MUUSDT,SHORT,FUT,724.280172,717.18,0.0,0.0,0.0,OPEN,0,momentum_short,momentum negative momentum | range=8.97% | change=-7.12% | vol=1.92 | score=9 | confirmed
2026-05-15 22:18:31,MUUSDT,SHORT,FUT,724.280172,717.18,721.918652,0.03911043,0.02473966,STALL,7667,momentum_short,momentum negative momentum | range=8.97% | change=-7.12% | vol=1.92 | score=9 | confirmed
2026-05-15 22:18:35,MUUSDT,SHORT,FUT,721.341348,712.36714286,0.0,0.0,0.0,OPEN,0,momentum_short,momentum negative momentum | range=8.97% | change=-7.81% | vol=1.90 | score=9 | confirmed
2026-05-15 23:33:11,MUUSDT,SHORT,FUT,721.341348,712.36714286,718.33722,0.0499557,0.03559144,STALL,4476,momentum_short,momentum negative momentum | range=8.97% | change=-7.81% | vol=1.90 | score=9 | confirmed
2026-05-15 23:33:14,MUUSDT,SHORT,FUT,717.76278,701.06428571,0.0,0.0,0.0,OPEN,0,momentum_short,momentum negative momentum | range=9.41% | change=-8.17% | vol=1.90 | score=10 | confirmed
2026-05-16 05:58:11,ARBUSDT,SHORT,FUT,0.12275088,0.12232857,0.0,0.0,0.0,OPEN,0,trend_short_v1.8.1,ADX:77.78 | trend strength ok | 4H Trend Down | RSI Bearish | below EMA20 | below EMA50
2026-05-16 06:00:04,ARBUSDT,SHORT,FUT,0.12275088,0.12232857,0.12284912,-0.0096,-0.024,BU,113,trend_short_v1.8.1,ADX:77.78 | trend strength ok | 4H Trend Down | RSI Bearish | below EMA20 | below EMA50
2026-05-16 06:00:07,ARBUSDT,SHORT,FUT,0.12275088,0.12232857,0.0,0.0,0.0,OPEN,0,trend_short_v1.8.1,ADX:80.95 | trend strength ok | 4H Trend Down | RSI Bearish | below EMA20 | below EMA50
2026-05-16 06:10:18,ARBUSDT,SHORT,FUT,0.12235104,0.12197143,0.0,0.0,0.0,OPEN,0,trend_short_v1.8.1,ADX:88.24 | trend strength ok | 4H Trend Down | RSI Bearish | below EMA20 | below EMA50
2026-05-16 06:11:29,ARBUSDT,SHORT,FUT,0.12235104,0.12197143,0.12244896,-0.0096,-0.024,BU,71,trend_short_v1.8.1,ADX:88.24 | trend strength ok | 4H Trend Down | RSI Bearish | below EMA20 | below EMA50
2026-05-16 06:11:34,PEOPLEUSDT,SHORT,FUT,0.00732807,0.00730643,0.0,0.0,0.0,OPEN,0,trend_short_v1.8.1,ADX:93.33 | trend strength ok | 4H Trend Down | RSI Bearish | below EMA20 | below EMA50
2026-05-16 06:14:47,PEOPLEUSDT,SHORT,FUT,0.00732807,0.00730643,0.00733193,-0.00632099,-0.02071903,BU,193,trend_short_v1.8.1,ADX:93.33 | trend strength ok | 4H Trend Down | RSI Bearish | below EMA20 | below EMA50
2026-05-16 06:14:51,TONUSDT,SHORT,FUT,1.91163504,1.90165714,0.0,0.0,0.0,OPEN,0,momentum_short,momentum negative momentum | range=10.15% | change=-7.05% | vol=1.97 | score=10 | confirmed
2026-05-16 06:23:22,FLYUSDT,SHORT,FUT,40.123944,39.99714286,0.0,0.0,0.0,OPEN,0,momentum_short,momentum negative momentum | range=11.63% | change=-4.66% | vol=1.87 | score=9 | confirmed
2026-05-16 06:30:14,FLYUSDT,SHORT,FUT,40.123944,40.02714286,0.0,0.0,0.0,OPEN,0,momentum_short,momentum negative momentum | range=11.63% | change=-4.66% | vol=1.87 | score=9 | confirmed
2026-05-16 06:38:37,FLYUSDT,SHORT,FUT,40.123944,40.03714286,0.0,0.0,0.0,OPEN,0,momentum_short,momentum negative momentum | range=11.63% | change=-4.84% | vol=1.87 | score=9 | confirmed
2026-05-16 06:49:24,ENAUSDT,SHORT,FUT,0.10835664,0.10792857,0.0,0.0,0.0,OPEN,0,momentum_short,momentum negative momentum | range=10.16% | change=-8.52% | vol=4.01 | score=10 | confirmed
2026-05-16 06:51:08,ENAUSDT,SHORT,FUT,0.10835664,0.10792857,0.10834332,0.00073727,-0.00645941,BU,104,momentum_short,momentum negative momentum | range=10.16% | change=-8.52% | vol=4.01 | score=10 | confirmed
2026-05-16 06:51:11,TAOUSDT,SHORT,FUT,274.410192,273.25714286,0.0,0.0,0.0,OPEN,0,momentum_short,momentum negative momentum | range=10.69% | change=-9.54% | vol=5.00 | score=10 | confirmed
2026-05-16 06:57:03,FLYUSDT,SHORT,FUT,40.113948,40.06571429,0.0,0.0,0.0,OPEN,0,momentum_short,momentum negative momentum | range=11.64% | change=-4.86% | vol=1.87 | score=9 | confirmed
